nohup: ignoring input
2026/03/05 09:10:50 Loaded env from .env
2026/03/05 09:10:50 Connecting to Telegram...
2026/03/05 09:10:50 Bot started: @fwcacercre_bot
2026/03/05 09:10:50 Webhook removed OK
2026/03/05 09:10:50 Listening for updates...
2026/03/05 09:25:33 [update 153879241] Message: chat=7026935701 text="/start"
2026/03/05 09:25:33 Received /start from chat 7026935701
2026/03/05 09:25:33 Sent start message to chat 7026935701
2026/03/05 09:25:36 [update 153879242] CallbackQuery: data=feedback
2026/03/05 09:25:38 [update 153879243] CallbackQuery: data=ai_coach_main_menu
2026/03/05 09:25:39 [update 153879244] CallbackQuery: data=main_menu_cabinet
2026/03/05 09:25:41 [update 153879245] CallbackQuery: data=ai_coach_main_menu
2026/03/05 09:25:50 [update 153879246] Message: chat=7026935701 text="/start"
2026/03/05 09:25:50 Received /start from chat 7026935701
2026/03/05 09:25:50 Sent start message to chat 7026935701
2026/03/05 09:25:52 [update 153879247] CallbackQuery: data=feedback
2026/03/05 09:32:58 [update 153879248] Message: chat=7026935701 text="/start"
2026/03/05 09:32:58 Received /start from chat 7026935701
2026/03/05 09:32:58 Sent start message to chat 7026935701
2026/03/05 09:33:09 [update 153879249] CallbackQuery: data=feedback
2026/03/05 09:39:08 [update 153879250] CallbackQuery: data=main_menu_contacts
2026/03/05 09:46:26 Conflict: terminated by other getUpdates request; make sure that only one bot instance is running
2026/03/05 09:46:26 Failed to get updates, retrying in 3 seconds...
2026/03/05 09:46:32 Conflict: terminated by other getUpdates request; make sure that only one bot instance is running
2026/03/05 09:46:32 Failed to get updates, retrying in 3 seconds...
2026/03/05 09:46:38 Conflict: terminated by other getUpdates request; make sure that only one bot instance is running
2026/03/05 09:46:38 Failed to get updates, retrying in 3 seconds...
2026/03/05 09:46:41 [update 153879252] CallbackQuery: data=feedback
2026/03/05 09:46:44 Conflict: terminated by other getUpdates request; make sure that only one bot instance is running
2026/03/05 09:46:44 Failed to get updates, retrying in 3 seconds...
2026/03/05 09:46:50 Conflict: terminated by other getUpdates request; make sure that only one bot instance is running
2026/03/05 09:46:50 Failed to get updates, retrying in 3 seconds...
2026/03/05 09:46:56 Conflict: terminated by other getUpdates request; make sure that only one bot instance is running
2026/03/05 09:46:56 Failed to get updates, retrying in 3 seconds...
2026/03/05 09:47:02 Conflict: terminated by other getUpdates request; make sure that only one bot instance is running
2026/03/05 09:47:02 Failed to get updates, retrying in 3 seconds...
2026/03/05 09:47:08 Conflict: terminated by other getUpdates request; make sure that only one bot instance is running
2026/03/05 09:47:08 Failed to get updates, retrying in 3 seconds...
2026/03/05 09:47:14 Conflict: terminated by other getUpdates request; make sure that only one bot instance is running
2026/03/05 09:47:14 Failed to get updates, retrying in 3 seconds...
2026/03/05 09:47:20 Conflict: terminated by other getUpdates request; make sure that only one bot instance is running
2026/03/05 09:47:20 Failed to get updates, retrying in 3 seconds...
2026/03/05 09:47:26 Conflict: terminated by other getUpdates request; make sure that only one bot instance is running
2026/03/05 09:47:26 Failed to get updates, retrying in 3 seconds...
2026/03/05 09:47:32 Conflict: terminated by other getUpdates request; make sure that only one bot instance is running
2026/03/05 09:47:32 Failed to get updates, retrying in 3 seconds...
2026/03/05 09:47:38 Conflict: terminated by other getUpdates request; make sure that only one bot instance is running
2026/03/05 09:47:38 Failed to get updates, retrying in 3 seconds...
2026/03/05 09:47:44 Conflict: terminated by other getUpdates request; make sure that only one bot instance is running
2026/03/05 09:47:44 Failed to get updates, retrying in 3 seconds...
2026/03/05 09:47:50 Conflict: terminated by other getUpdates request; make sure that only one bot instance is running
2026/03/05 09:47:50 Failed to get updates, retrying in 3 seconds...
2026/03/05 09:47:56 Conflict: terminated by other getUpdates request; make sure that only one bot instance is running
2026/03/05 09:47:56 Failed to get updates, retrying in 3 seconds...
2026/03/05 09:48:02 Conflict: terminated by other getUpdates request; make sure that only one bot instance is running
2026/03/05 09:48:02 Failed to get updates, retrying in 3 seconds...
2026/03/05 09:48:08 Conflict: terminated by other getUpdates request; make sure that only one bot instance is running
2026/03/05 09:48:08 Failed to get updates, retrying in 3 seconds...
2026/03/05 09:48:14 Conflict: terminated by other getUpdates request; make sure that only one bot instance is running
2026/03/05 09:48:14 Failed to get updates, retrying in 3 seconds...
2026/03/05 09:48:20 Conflict: terminated by other getUpdates request; make sure that only one bot instance is running
2026/03/05 09:48:20 Failed to get updates, retrying in 3 seconds...
2026/03/05 09:48:26 Conflict: terminated by other getUpdates request; make sure that only one bot instance is running
2026/03/05 09:48:26 Failed to get updates, retrying in 3 seconds...
2026/03/05 09:48:32 Conflict: terminated by other getUpdates request; make sure that only one bot instance is running
2026/03/05 09:48:32 Failed to get updates, retrying in 3 seconds...
2026/03/05 09:48:38 Conflict: terminated by other getUpdates request; make sure that only one bot instance is running
2026/03/05 09:48:38 Failed to get updates, retrying in 3 seconds...
2026/03/05 09:48:44 Conflict: terminated by other getUpdates request; make sure that only one bot instance is running
2026/03/05 09:48:44 Failed to get updates, retrying in 3 seconds...
2026/03/05 09:48:50 Conflict: terminated by other getUpdates request; make sure that only one bot instance is running
2026/03/05 09:48:50 Failed to get updates, retrying in 3 seconds...
2026/03/05 09:48:56 Conflict: terminated by other getUpdates request; make sure that only one bot instance is running
2026/03/05 09:48:56 Failed to get updates, retrying in 3 seconds...
2026/03/05 09:49:02 Conflict: terminated by other getUpdates request; make sure that only one bot instance is running
2026/03/05 09:49:02 Failed to get updates, retrying in 3 seconds...
2026/03/05 09:49:08 Conflict: terminated by other getUpdates request; make sure that only one bot instance is running
2026/03/05 09:49:08 Failed to get updates, retrying in 3 seconds...
2026/03/05 09:49:14 Conflict: terminated by other getUpdates request; make sure that only one bot instance is running
2026/03/05 09:49:14 Failed to get updates, retrying in 3 seconds...
2026/03/05 09:49:20 Conflict: terminated by other getUpdates request; make sure that only one bot instance is running
2026/03/05 09:49:20 Failed to get updates, retrying in 3 seconds...
2026/03/05 09:49:26 Conflict: terminated by other getUpdates request; make sure that only one bot instance is running
2026/03/05 09:49:26 Failed to get updates, retrying in 3 seconds...
2026/03/05 09:49:32 Conflict: terminated by other getUpdates request; make sure that only one bot instance is running
2026/03/05 09:49:32 Failed to get updates, retrying in 3 seconds...
2026/03/05 09:49:38 Conflict: terminated by other getUpdates request; make sure that only one bot instance is running
2026/03/05 09:49:38 Failed to get updates, retrying in 3 seconds...
2026/03/05 09:49:44 Conflict: terminated by other getUpdates request; make sure that only one bot instance is running
2026/03/05 09:49:44 Failed to get updates, retrying in 3 seconds...
2026/03/05 09:49:50 Conflict: terminated by other getUpdates request; make sure that only one bot instance is running
2026/03/05 09:49:50 Failed to get updates, retrying in 3 seconds...
2026/03/05 09:49:56 Conflict: terminated by other getUpdates request; make sure that only one bot instance is running
2026/03/05 09:49:56 Failed to get updates, retrying in 3 seconds...
2026/03/05 09:50:02 Conflict: terminated by other getUpdates request; make sure that only one bot instance is running
2026/03/05 09:50:02 Failed to get updates, retrying in 3 seconds...
2026/03/05 09:50:08 Conflict: terminated by other getUpdates request; make sure that only one bot instance is running
2026/03/05 09:50:08 Failed to get updates, retrying in 3 seconds...
2026/03/05 09:50:14 Conflict: terminated by other getUpdates request; make sure that only one bot instance is running
2026/03/05 09:50:14 Failed to get updates, retrying in 3 seconds...
2026/03/05 09:50:20 Conflict: terminated by other getUpdates request; make sure that only one bot instance is running
2026/03/05 09:50:20 Failed to get updates, retrying in 3 seconds...
2026/03/05 09:50:26 Conflict: terminated by other getUpdates request; make sure that only one bot instance is running
2026/03/05 09:50:26 Failed to get updates, retrying in 3 seconds...
2026/03/05 09:50:32 Conflict: terminated by other getUpdates request; make sure that only one bot instance is running
2026/03/05 09:50:32 Failed to get updates, retrying in 3 seconds...
2026/03/05 09:50:38 Conflict: terminated by other getUpdates request; make sure that only one bot instance is running
2026/03/05 09:50:38 Failed to get updates, retrying in 3 seconds...
2026/03/05 09:50:44 Conflict: terminated by other getUpdates request; make sure that only one bot instance is running
2026/03/05 09:50:44 Failed to get updates, retrying in 3 seconds...
2026/03/05 09:50:50 Conflict: terminated by other getUpdates request; make sure that only one bot instance is running
2026/03/05 09:50:50 Failed to get updates, retrying in 3 seconds...
2026/03/05 09:50:56 Conflict: terminated by other getUpdates request; make sure that only one bot instance is running
2026/03/05 09:50:56 Failed to get updates, retrying in 3 seconds...
2026/03/05 09:51:02 Conflict: terminated by other getUpdates request; make sure that only one bot instance is running
2026/03/05 09:51:02 Failed to get updates, retrying in 3 seconds...
2026/03/05 09:51:08 Conflict: terminated by other getUpdates request; make sure that only one bot instance is running
2026/03/05 09:51:08 Failed to get updates, retrying in 3 seconds...
2026/03/05 09:51:14 Conflict: terminated by other getUpdates request; make sure that only one bot instance is running
2026/03/05 09:51:14 Failed to get updates, retrying in 3 seconds...
2026/03/05 09:51:20 Conflict: terminated by other getUpdates request; make sure that only one bot instance is running
2026/03/05 09:51:20 Failed to get updates, retrying in 3 seconds...
2026/03/05 09:51:26 Conflict: terminated by other getUpdates request; make sure that only one bot instance is running
2026/03/05 09:51:26 Failed to get updates, retrying in 3 seconds...
2026/03/05 09:51:32 Conflict: terminated by other getUpdates request; make sure that only one bot instance is running
2026/03/05 09:51:32 Failed to get updates, retrying in 3 seconds...
2026/03/05 09:51:38 Conflict: terminated by other getUpdates request; make sure that only one bot instance is running
2026/03/05 09:51:38 Failed to get updates, retrying in 3 seconds...
2026/03/05 09:51:44 Conflict: terminated by other getUpdates request; make sure that only one bot instance is running
2026/03/05 09:51:44 Failed to get updates, retrying in 3 seconds...
2026/03/05 09:51:50 Conflict: terminated by other getUpdates request; make sure that only one bot instance is running
2026/03/05 09:51:50 Failed to get updates, retrying in 3 seconds...
2026/03/05 09:51:56 Conflict: terminated by other getUpdates request; make sure that only one bot instance is running
2026/03/05 09:51:56 Failed to get updates, retrying in 3 seconds...
2026/03/05 09:52:02 Conflict: terminated by other getUpdates request; make sure that only one bot instance is running
2026/03/05 09:52:02 Failed to get updates, retrying in 3 seconds...
2026/03/05 09:52:08 Conflict: terminated by other getUpdates request; make sure that only one bot instance is running
2026/03/05 09:52:08 Failed to get updates, retrying in 3 seconds...
2026/03/05 09:52:14 Conflict: terminated by other getUpdates request; make sure that only one bot instance is running
2026/03/05 09:52:14 Failed to get updates, retrying in 3 seconds...
2026/03/05 09:52:20 Conflict: terminated by other getUpdates request; make sure that only one bot instance is running
2026/03/05 09:52:20 Failed to get updates, retrying in 3 seconds...
2026/03/05 09:52:26 Conflict: terminated by other getUpdates request; make sure that only one bot instance is running
2026/03/05 09:52:26 Failed to get updates, retrying in 3 seconds...
2026/03/05 09:52:32 Conflict: terminated by other getUpdates request; make sure that only one bot instance is running
2026/03/05 09:52:32 Failed to get updates, retrying in 3 seconds...
2026/03/05 09:52:38 Conflict: terminated by other getUpdates request; make sure that only one bot instance is running
2026/03/05 09:52:38 Failed to get updates, retrying in 3 seconds...
2026/03/05 09:52:44 Conflict: terminated by other getUpdates request; make sure that only one bot instance is running
2026/03/05 09:52:44 Failed to get updates, retrying in 3 seconds...
2026/03/05 09:52:50 Conflict: terminated by other getUpdates request; make sure that only one bot instance is running
2026/03/05 09:52:50 Failed to get updates, retrying in 3 seconds...
2026/03/05 09:52:56 Conflict: terminated by other getUpdates request; make sure that only one bot instance is running
2026/03/05 09:52:56 Failed to get updates, retrying in 3 seconds...
2026/03/05 09:53:02 Conflict: terminated by other getUpdates request; make sure that only one bot instance is running
2026/03/05 09:53:02 Failed to get updates, retrying in 3 seconds...
2026/03/05 09:53:08 Conflict: terminated by other getUpdates request; make sure that only one bot instance is running
2026/03/05 09:53:08 Failed to get updates, retrying in 3 seconds...
2026/03/05 09:53:14 Conflict: terminated by other getUpdates request; make sure that only one bot instance is running
2026/03/05 09:53:14 Failed to get updates, retrying in 3 seconds...
2026/03/05 09:53:20 Conflict: terminated by other getUpdates request; make sure that only one bot instance is running
2026/03/05 09:53:20 Failed to get updates, retrying in 3 seconds...
2026/03/05 09:53:26 Conflict: terminated by other getUpdates request; make sure that only one bot instance is running
2026/03/05 09:53:26 Failed to get updates, retrying in 3 seconds...
2026/03/05 09:53:32 Conflict: terminated by other getUpdates request; make sure that only one bot instance is running
2026/03/05 09:53:32 Failed to get updates, retrying in 3 seconds...
2026/03/05 09:53:38 Conflict: terminated by other getUpdates request; make sure that only one bot instance is running
2026/03/05 09:53:38 Failed to get updates, retrying in 3 seconds...
2026/03/05 09:53:44 Conflict: terminated by other getUpdates request; make sure that only one bot instance is running
2026/03/05 09:53:44 Failed to get updates, retrying in 3 seconds...
2026/03/05 09:53:50 Conflict: terminated by other getUpdates request; make sure that only one bot instance is running
2026/03/05 09:53:50 Failed to get updates, retrying in 3 seconds...
2026/03/05 09:53:57 Conflict: terminated by other getUpdates request; make sure that only one bot instance is running
2026/03/05 09:53:57 Failed to get updates, retrying in 3 seconds...
2026/03/05 09:54:03 Conflict: terminated by other getUpdates request; make sure that only one bot instance is running
2026/03/05 09:54:03 Failed to get updates, retrying in 3 seconds...
2026/03/05 09:54:09 Conflict: terminated by other getUpdates request; make sure that only one bot instance is running
2026/03/05 09:54:09 Failed to get updates, retrying in 3 seconds...
2026/03/05 09:54:15 Conflict: terminated by other getUpdates request; make sure that only one bot instance is running
2026/03/05 09:54:15 Failed to get updates, retrying in 3 seconds...
2026/03/05 09:54:21 Conflict: terminated by other getUpdates request; make sure that only one bot instance is running
2026/03/05 09:54:21 Failed to get updates, retrying in 3 seconds...
2026/03/05 09:54:27 Conflict: terminated by other getUpdates request; make sure that only one bot instance is running
2026/03/05 09:54:27 Failed to get updates, retrying in 3 seconds...
2026/03/05 09:54:33 Conflict: terminated by other getUpdates request; make sure that only one bot instance is running
2026/03/05 09:54:33 Failed to get updates, retrying in 3 seconds...
2026/03/05 09:54:39 Conflict: terminated by other getUpdates request; make sure that only one bot instance is running
2026/03/05 09:54:39 Failed to get updates, retrying in 3 seconds...
2026/03/05 09:54:45 Conflict: terminated by other getUpdates request; make sure that only one bot instance is running
2026/03/05 09:54:45 Failed to get updates, retrying in 3 seconds...
2026/03/05 09:54:51 Conflict: terminated by other getUpdates request; make sure that only one bot instance is running
2026/03/05 09:54:51 Failed to get updates, retrying in 3 seconds...
2026/03/05 09:54:57 Conflict: terminated by other getUpdates request; make sure that only one bot instance is running
2026/03/05 09:54:57 Failed to get updates, retrying in 3 seconds...
2026/03/05 09:55:03 Conflict: terminated by other getUpdates request; make sure that only one bot instance is running
2026/03/05 09:55:03 Failed to get updates, retrying in 3 seconds...
2026/03/05 09:55:09 Conflict: terminated by other getUpdates request; make sure that only one bot instance is running
2026/03/05 09:55:09 Failed to get updates, retrying in 3 seconds...
2026/03/05 09:55:15 Conflict: terminated by other getUpdates request; make sure that only one bot instance is running
2026/03/05 09:55:15 Failed to get updates, retrying in 3 seconds...
2026/03/05 09:55:21 Conflict: terminated by other getUpdates request; make sure that only one bot instance is running
2026/03/05 09:55:21 Failed to get updates, retrying in 3 seconds...
2026/03/05 09:55:27 Conflict: terminated by other getUpdates request; make sure that only one bot instance is running
2026/03/05 09:55:27 Failed to get updates, retrying in 3 seconds...
2026/03/05 09:55:33 Conflict: terminated by other getUpdates request; make sure that only one bot instance is running
2026/03/05 09:55:33 Failed to get updates, retrying in 3 seconds...
2026/03/05 09:55:39 Conflict: terminated by other getUpdates request; make sure that only one bot instance is running
2026/03/05 09:55:39 Failed to get updates, retrying in 3 seconds...
2026/03/05 09:55:45 Conflict: terminated by other getUpdates request; make sure that only one bot instance is running
2026/03/05 09:55:45 Failed to get updates, retrying in 3 seconds...
2026/03/05 09:55:51 Conflict: terminated by other getUpdates request; make sure that only one bot instance is running
2026/03/05 09:55:51 Failed to get updates, retrying in 3 seconds...
2026/03/05 09:55:57 Conflict: terminated by other getUpdates request; make sure that only one bot instance is running
2026/03/05 09:55:57 Failed to get updates, retrying in 3 seconds...
2026/03/05 09:56:03 Conflict: terminated by other getUpdates request; make sure that only one bot instance is running
2026/03/05 09:56:03 Failed to get updates, retrying in 3 seconds...
2026/03/05 09:56:09 Conflict: terminated by other getUpdates request; make sure that only one bot instance is running
2026/03/05 09:56:09 Failed to get updates, retrying in 3 seconds...
2026/03/05 09:56:15 Conflict: terminated by other getUpdates request; make sure that only one bot instance is running
2026/03/05 09:56:15 Failed to get updates, retrying in 3 seconds...
2026/03/05 09:56:21 Conflict: terminated by other getUpdates request; make sure that only one bot instance is running
2026/03/05 09:56:21 Failed to get updates, retrying in 3 seconds...
2026/03/05 09:56:27 Conflict: terminated by other getUpdates request; make sure that only one bot instance is running
2026/03/05 09:56:27 Failed to get updates, retrying in 3 seconds...
2026/03/05 09:56:33 Conflict: terminated by other getUpdates request; make sure that only one bot instance is running
2026/03/05 09:56:33 Failed to get updates, retrying in 3 seconds...
2026/03/05 09:56:39 Conflict: terminated by other getUpdates request; make sure that only one bot instance is running
2026/03/05 09:56:39 Failed to get updates, retrying in 3 seconds...
2026/03/05 09:56:45 Conflict: terminated by other getUpdates request; make sure that only one bot instance is running
2026/03/05 09:56:45 Failed to get updates, retrying in 3 seconds...
2026/03/05 09:56:51 Conflict: terminated by other getUpdates request; make sure that only one bot instance is running
2026/03/05 09:56:51 Failed to get updates, retrying in 3 seconds...
2026/03/05 09:56:57 Conflict: terminated by other getUpdates request; make sure that only one bot instance is running
2026/03/05 09:56:57 Failed to get updates, retrying in 3 seconds...
2026/03/05 09:57:03 Conflict: terminated by other getUpdates request; make sure that only one bot instance is running
2026/03/05 09:57:03 Failed to get updates, retrying in 3 seconds...
2026/03/05 09:57:09 Conflict: terminated by other getUpdates request; make sure that only one bot instance is running
2026/03/05 09:57:09 Failed to get updates, retrying in 3 seconds...
2026/03/05 09:57:15 Conflict: terminated by other getUpdates request; make sure that only one bot instance is running
2026/03/05 09:57:15 Failed to get updates, retrying in 3 seconds...
2026/03/05 09:57:21 Conflict: terminated by other getUpdates request; make sure that only one bot instance is running
2026/03/05 09:57:21 Failed to get updates, retrying in 3 seconds...
2026/03/05 09:57:27 Conflict: terminated by other getUpdates request; make sure that only one bot instance is running
2026/03/05 09:57:27 Failed to get updates, retrying in 3 seconds...
2026/03/05 09:57:33 Conflict: terminated by other getUpdates request; make sure that only one bot instance is running
2026/03/05 09:57:33 Failed to get updates, retrying in 3 seconds...
2026/03/05 09:57:39 Conflict: terminated by other getUpdates request; make sure that only one bot instance is running
2026/03/05 09:57:39 Failed to get updates, retrying in 3 seconds...
2026/03/05 09:57:45 Conflict: terminated by other getUpdates request; make sure that only one bot instance is running
2026/03/05 09:57:45 Failed to get updates, retrying in 3 seconds...
2026/03/05 09:57:51 Conflict: terminated by other getUpdates request; make sure that only one bot instance is running
2026/03/05 09:57:51 Failed to get updates, retrying in 3 seconds...
2026/03/05 09:57:57 Conflict: terminated by other getUpdates request; make sure that only one bot instance is running
2026/03/05 09:57:57 Failed to get updates, retrying in 3 seconds...
2026/03/05 09:58:03 Conflict: terminated by other getUpdates request; make sure that only one bot instance is running
2026/03/05 09:58:03 Failed to get updates, retrying in 3 seconds...
2026/03/05 09:58:09 Conflict: terminated by other getUpdates request; make sure that only one bot instance is running
2026/03/05 09:58:09 Failed to get updates, retrying in 3 seconds...
2026/03/05 09:58:15 Conflict: terminated by other getUpdates request; make sure that only one bot instance is running
2026/03/05 09:58:15 Failed to get updates, retrying in 3 seconds...
2026/03/05 09:58:21 Conflict: terminated by other getUpdates request; make sure that only one bot instance is running
2026/03/05 09:58:21 Failed to get updates, retrying in 3 seconds...
2026/03/05 09:58:27 Conflict: terminated by other getUpdates request; make sure that only one bot instance is running
2026/03/05 09:58:27 Failed to get updates, retrying in 3 seconds...
2026/03/05 09:58:33 Conflict: terminated by other getUpdates request; make sure that only one bot instance is running
2026/03/05 09:58:33 Failed to get updates, retrying in 3 seconds...
2026/03/05 09:58:39 Conflict: terminated by other getUpdates request; make sure that only one bot instance is running
2026/03/05 09:58:39 Failed to get updates, retrying in 3 seconds...
2026/03/05 09:58:45 Conflict: terminated by other getUpdates request; make sure that only one bot instance is running
2026/03/05 09:58:45 Failed to get updates, retrying in 3 seconds...
2026/03/05 09:58:51 Conflict: terminated by other getUpdates request; make sure that only one bot instance is running
2026/03/05 09:58:51 Failed to get updates, retrying in 3 seconds...
2026/03/05 09:58:57 Conflict: terminated by other getUpdates request; make sure that only one bot instance is running
2026/03/05 09:58:57 Failed to get updates, retrying in 3 seconds...
2026/03/05 09:59:03 Conflict: terminated by other getUpdates request; make sure that only one bot instance is running
2026/03/05 09:59:03 Failed to get updates, retrying in 3 seconds...
2026/03/05 09:59:09 Conflict: terminated by other getUpdates request; make sure that only one bot instance is running
2026/03/05 09:59:09 Failed to get updates, retrying in 3 seconds...
2026/03/05 09:59:15 Conflict: terminated by other getUpdates request; make sure that only one bot instance is running
2026/03/05 09:59:15 Failed to get updates, retrying in 3 seconds...
2026/03/05 09:59:21 Conflict: terminated by other getUpdates request; make sure that only one bot instance is running
2026/03/05 09:59:21 Failed to get updates, retrying in 3 seconds...
2026/03/05 09:59:27 Conflict: terminated by other getUpdates request; make sure that only one bot instance is running
2026/03/05 09:59:27 Failed to get updates, retrying in 3 seconds...
2026/03/05 09:59:33 Conflict: terminated by other getUpdates request; make sure that only one bot instance is running
2026/03/05 09:59:33 Failed to get updates, retrying in 3 seconds...
2026/03/05 09:59:39 Conflict: terminated by other getUpdates request; make sure that only one bot instance is running
2026/03/05 09:59:39 Failed to get updates, retrying in 3 seconds...
2026/03/05 09:59:45 Conflict: terminated by other getUpdates request; make sure that only one bot instance is running
2026/03/05 09:59:45 Failed to get updates, retrying in 3 seconds...
2026/03/05 09:59:51 Conflict: terminated by other getUpdates request; make sure that only one bot instance is running
2026/03/05 09:59:51 Failed to get updates, retrying in 3 seconds...
2026/03/05 09:59:57 Conflict: terminated by other getUpdates request; make sure that only one bot instance is running
2026/03/05 09:59:57 Failed to get updates, retrying in 3 seconds...
2026/03/05 10:00:03 Conflict: terminated by other getUpdates request; make sure that only one bot instance is running
2026/03/05 10:00:03 Failed to get updates, retrying in 3 seconds...
2026/03/05 10:00:09 Conflict: terminated by other getUpdates request; make sure that only one bot instance is running
2026/03/05 10:00:09 Failed to get updates, retrying in 3 seconds...
2026/03/05 10:00:15 Conflict: terminated by other getUpdates request; make sure that only one bot instance is running
2026/03/05 10:00:15 Failed to get updates, retrying in 3 seconds...
2026/03/05 10:00:21 Conflict: terminated by other getUpdates request; make sure that only one bot instance is running
2026/03/05 10:00:21 Failed to get updates, retrying in 3 seconds...
2026/03/05 10:00:27 Conflict: terminated by other getUpdates request; make sure that only one bot instance is running
2026/03/05 10:00:27 Failed to get updates, retrying in 3 seconds...
2026/03/05 10:00:33 Conflict: terminated by other getUpdates request; make sure that only one bot instance is running
2026/03/05 10:00:33 Failed to get updates, retrying in 3 seconds...
2026/03/05 10:00:39 Conflict: terminated by other getUpdates request; make sure that only one bot instance is running
2026/03/05 10:00:39 Failed to get updates, retrying in 3 seconds...
2026/03/05 10:00:45 Conflict: terminated by other getUpdates request; make sure that only one bot instance is running
2026/03/05 10:00:45 Failed to get updates, retrying in 3 seconds...
2026/03/05 10:00:51 Conflict: terminated by other getUpdates request; make sure that only one bot instance is running
2026/03/05 10:00:51 Failed to get updates, retrying in 3 seconds...
2026/03/05 10:00:57 Conflict: terminated by other getUpdates request; make sure that only one bot instance is running
2026/03/05 10:00:57 Failed to get updates, retrying in 3 seconds...
2026/03/05 10:01:03 Conflict: terminated by other getUpdates request; make sure that only one bot instance is running
2026/03/05 10:01:03 Failed to get updates, retrying in 3 seconds...
2026/03/05 10:01:09 Conflict: terminated by other getUpdates request; make sure that only one bot instance is running
2026/03/05 10:01:09 Failed to get updates, retrying in 3 seconds...
2026/03/05 10:01:15 Conflict: terminated by other getUpdates request; make sure that only one bot instance is running
2026/03/05 10:01:15 Failed to get updates, retrying in 3 seconds...
2026/03/05 10:01:21 Conflict: terminated by other getUpdates request; make sure that only one bot instance is running
2026/03/05 10:01:21 Failed to get updates, retrying in 3 seconds...
2026/03/05 10:01:27 Conflict: terminated by other getUpdates request; make sure that only one bot instance is running
2026/03/05 10:01:27 Failed to get updates, retrying in 3 seconds...
2026/03/05 10:01:33 Conflict: terminated by other getUpdates request; make sure that only one bot instance is running
2026/03/05 10:01:33 Failed to get updates, retrying in 3 seconds...
2026/03/05 10:01:39 Conflict: terminated by other getUpdates request; make sure that only one bot instance is running
2026/03/05 10:01:39 Failed to get updates, retrying in 3 seconds...
2026/03/05 10:01:45 Conflict: terminated by other getUpdates request; make sure that only one bot instance is running
2026/03/05 10:01:45 Failed to get updates, retrying in 3 seconds...
2026/03/05 10:01:51 Conflict: terminated by other getUpdates request; make sure that only one bot instance is running
2026/03/05 10:01:51 Failed to get updates, retrying in 3 seconds...
2026/03/05 10:01:57 Conflict: terminated by other getUpdates request; make sure that only one bot instance is running
2026/03/05 10:01:57 Failed to get updates, retrying in 3 seconds...
2026/03/05 10:02:03 Conflict: terminated by other getUpdates request; make sure that only one bot instance is running
2026/03/05 10:02:03 Failed to get updates, retrying in 3 seconds...
2026/03/05 10:02:09 Conflict: terminated by other getUpdates request; make sure that only one bot instance is running
2026/03/05 10:02:09 Failed to get updates, retrying in 3 seconds...
2026/03/05 10:02:15 Conflict: terminated by other getUpdates request; make sure that only one bot instance is running
2026/03/05 10:02:15 Failed to get updates, retrying in 3 seconds...
2026/03/05 10:02:21 Conflict: terminated by other getUpdates request; make sure that only one bot instance is running
2026/03/05 10:02:21 Failed to get updates, retrying in 3 seconds...
2026/03/05 10:02:27 Conflict: terminated by other getUpdates request; make sure that only one bot instance is running
2026/03/05 10:02:27 Failed to get updates, retrying in 3 seconds...
2026/03/05 10:02:33 Conflict: terminated by other getUpdates request; make sure that only one bot instance is running
2026/03/05 10:02:33 Failed to get updates, retrying in 3 seconds...
2026/03/05 10:02:39 Conflict: terminated by other getUpdates request; make sure that only one bot instance is running
2026/03/05 10:02:39 Failed to get updates, retrying in 3 seconds...
2026/03/05 10:02:45 Conflict: terminated by other getUpdates request; make sure that only one bot instance is running
2026/03/05 10:02:45 Failed to get updates, retrying in 3 seconds...
2026/03/05 10:02:51 Conflict: terminated by other getUpdates request; make sure that only one bot instance is running
2026/03/05 10:02:51 Failed to get updates, retrying in 3 seconds...
2026/03/05 10:02:57 Conflict: terminated by other getUpdates request; make sure that only one bot instance is running
2026/03/05 10:02:57 Failed to get updates, retrying in 3 seconds...
2026/03/05 10:03:03 Conflict: terminated by other getUpdates request; make sure that only one bot instance is running
2026/03/05 10:03:03 Failed to get updates, retrying in 3 seconds...
2026/03/05 10:03:09 Conflict: terminated by other getUpdates request; make sure that only one bot instance is running
2026/03/05 10:03:09 Failed to get updates, retrying in 3 seconds...
2026/03/05 10:03:15 Conflict: terminated by other getUpdates request; make sure that only one bot instance is running
2026/03/05 10:03:15 Failed to get updates, retrying in 3 seconds...
2026/03/05 10:03:21 Conflict: terminated by other getUpdates request; make sure that only one bot instance is running
2026/03/05 10:03:21 Failed to get updates, retrying in 3 seconds...
2026/03/05 10:03:27 Conflict: terminated by other getUpdates request; make sure that only one bot instance is running
2026/03/05 10:03:27 Failed to get updates, retrying in 3 seconds...
2026/03/05 10:03:33 Conflict: terminated by other getUpdates request; make sure that only one bot instance is running
2026/03/05 10:03:33 Failed to get updates, retrying in 3 seconds...
2026/03/05 10:03:39 Conflict: terminated by other getUpdates request; make sure that only one bot instance is running
2026/03/05 10:03:39 Failed to get updates, retrying in 3 seconds...
2026/03/05 10:03:45 Conflict: terminated by other getUpdates request; make sure that only one bot instance is running
2026/03/05 10:03:45 Failed to get updates, retrying in 3 seconds...
2026/03/05 10:03:51 Conflict: terminated by other getUpdates request; make sure that only one bot instance is running
2026/03/05 10:03:51 Failed to get updates, retrying in 3 seconds...
2026/03/05 10:03:57 Conflict: terminated by other getUpdates request; make sure that only one bot instance is running
2026/03/05 10:03:57 Failed to get updates, retrying in 3 seconds...
2026/03/05 10:04:03 Conflict: terminated by other getUpdates request; make sure that only one bot instance is running
2026/03/05 10:04:03 Failed to get updates, retrying in 3 seconds...
2026/03/05 10:04:09 Conflict: terminated by other getUpdates request; make sure that only one bot instance is running
2026/03/05 10:04:09 Failed to get updates, retrying in 3 seconds...
2026/03/05 10:04:15 Conflict: terminated by other getUpdates request; make sure that only one bot instance is running
2026/03/05 10:04:15 Failed to get updates, retrying in 3 seconds...
2026/03/05 10:04:21 Conflict: terminated by other getUpdates request; make sure that only one bot instance is running
2026/03/05 10:04:21 Failed to get updates, retrying in 3 seconds...
2026/03/05 10:04:27 Conflict: terminated by other getUpdates request; make sure that only one bot instance is running
2026/03/05 10:04:27 Failed to get updates, retrying in 3 seconds...
2026/03/05 10:04:33 Conflict: terminated by other getUpdates request; make sure that only one bot instance is running
2026/03/05 10:04:33 Failed to get updates, retrying in 3 seconds...
2026/03/05 10:04:39 Conflict: terminated by other getUpdates request; make sure that only one bot instance is running
2026/03/05 10:04:39 Failed to get updates, retrying in 3 seconds...
2026/03/05 10:04:45 Conflict: terminated by other getUpdates request; make sure that only one bot instance is running
2026/03/05 10:04:45 Failed to get updates, retrying in 3 seconds...
2026/03/05 10:04:51 Conflict: terminated by other getUpdates request; make sure that only one bot instance is running
2026/03/05 10:04:51 Failed to get updates, retrying in 3 seconds...
2026/03/05 10:04:57 Conflict: terminated by other getUpdates request; make sure that only one bot instance is running
2026/03/05 10:04:57 Failed to get updates, retrying in 3 seconds...
2026/03/05 10:05:03 Conflict: terminated by other getUpdates request; make sure that only one bot instance is running
2026/03/05 10:05:03 Failed to get updates, retrying in 3 seconds...
2026/03/05 10:05:09 Conflict: terminated by other getUpdates request; make sure that only one bot instance is running
2026/03/05 10:05:09 Failed to get updates, retrying in 3 seconds...
2026/03/05 10:05:15 Conflict: terminated by other getUpdates request; make sure that only one bot instance is running
2026/03/05 10:05:15 Failed to get updates, retrying in 3 seconds...
2026/03/05 10:05:21 Conflict: terminated by other getUpdates request; make sure that only one bot instance is running
2026/03/05 10:05:21 Failed to get updates, retrying in 3 seconds...
2026/03/05 10:05:27 Conflict: terminated by other getUpdates request; make sure that only one bot instance is running
2026/03/05 10:05:27 Failed to get updates, retrying in 3 seconds...
2026/03/05 10:05:33 Conflict: terminated by other getUpdates request; make sure that only one bot instance is running
2026/03/05 10:05:33 Failed to get updates, retrying in 3 seconds...
2026/03/05 10:05:40 Conflict: terminated by other getUpdates request; make sure that only one bot instance is running
2026/03/05 10:05:40 Failed to get updates, retrying in 3 seconds...
2026/03/05 10:05:46 Conflict: terminated by other getUpdates request; make sure that only one bot instance is running
2026/03/05 10:05:46 Failed to get updates, retrying in 3 seconds...
2026/03/05 10:05:52 Conflict: terminated by other getUpdates request; make sure that only one bot instance is running
2026/03/05 10:05:52 Failed to get updates, retrying in 3 seconds...
2026/03/05 10:05:58 Conflict: terminated by other getUpdates request; make sure that only one bot instance is running
2026/03/05 10:05:58 Failed to get updates, retrying in 3 seconds...
2026/03/05 10:06:04 Conflict: terminated by other getUpdates request; make sure that only one bot instance is running
2026/03/05 10:06:04 Failed to get updates, retrying in 3 seconds...
2026/03/05 10:06:10 Conflict: terminated by other getUpdates request; make sure that only one bot instance is running
2026/03/05 10:06:10 Failed to get updates, retrying in 3 seconds...
2026/03/05 10:06:16 Conflict: terminated by other getUpdates request; make sure that only one bot instance is running
2026/03/05 10:06:16 Failed to get updates, retrying in 3 seconds...
2026/03/05 10:06:22 Conflict: terminated by other getUpdates request; make sure that only one bot instance is running
2026/03/05 10:06:22 Failed to get updates, retrying in 3 seconds...
2026/03/05 10:06:28 Conflict: terminated by other getUpdates request; make sure that only one bot instance is running
2026/03/05 10:06:28 Failed to get updates, retrying in 3 seconds...
2026/03/05 10:06:34 Conflict: terminated by other getUpdates request; make sure that only one bot instance is running
2026/03/05 10:06:34 Failed to get updates, retrying in 3 seconds...
2026/03/05 10:06:40 Conflict: terminated by other getUpdates request; make sure that only one bot instance is running
2026/03/05 10:06:40 Failed to get updates, retrying in 3 seconds...
2026/03/05 10:06:46 Conflict: terminated by other getUpdates request; make sure that only one bot instance is running
2026/03/05 10:06:46 Failed to get updates, retrying in 3 seconds...
2026/03/05 10:06:52 Conflict: terminated by other getUpdates request; make sure that only one bot instance is running
2026/03/05 10:06:52 Failed to get updates, retrying in 3 seconds...
2026/03/05 10:06:58 Conflict: terminated by other getUpdates request; make sure that only one bot instance is running
2026/03/05 10:06:58 Failed to get updates, retrying in 3 seconds...
2026/03/05 10:07:04 Conflict: terminated by other getUpdates request; make sure that only one bot instance is running
2026/03/05 10:07:04 Failed to get updates, retrying in 3 seconds...
2026/03/05 10:07:10 Conflict: terminated by other getUpdates request; make sure that only one bot instance is running
2026/03/05 10:07:10 Failed to get updates, retrying in 3 seconds...
2026/03/05 10:07:16 Conflict: terminated by other getUpdates request; make sure that only one bot instance is running
2026/03/05 10:07:16 Failed to get updates, retrying in 3 seconds...
2026/03/05 10:07:22 Conflict: terminated by other getUpdates request; make sure that only one bot instance is running
2026/03/05 10:07:22 Failed to get updates, retrying in 3 seconds...
2026/03/05 10:07:28 Conflict: terminated by other getUpdates request; make sure that only one bot instance is running
2026/03/05 10:07:28 Failed to get updates, retrying in 3 seconds...
2026/03/05 10:07:34 Conflict: terminated by other getUpdates request; make sure that only one bot instance is running
2026/03/05 10:07:34 Failed to get updates, retrying in 3 seconds...
2026/03/05 10:07:40 Conflict: terminated by other getUpdates request; make sure that only one bot instance is running
2026/03/05 10:07:40 Failed to get updates, retrying in 3 seconds...
2026/03/05 10:07:46 Conflict: terminated by other getUpdates request; make sure that only one bot instance is running
2026/03/05 10:07:46 Failed to get updates, retrying in 3 seconds...
2026/03/05 10:07:52 Conflict: terminated by other getUpdates request; make sure that only one bot instance is running
2026/03/05 10:07:52 Failed to get updates, retrying in 3 seconds...
2026/03/05 10:07:58 Conflict: terminated by other getUpdates request; make sure that only one bot instance is running
2026/03/05 10:07:58 Failed to get updates, retrying in 3 seconds...
2026/03/05 10:08:04 Conflict: terminated by other getUpdates request; make sure that only one bot instance is running
2026/03/05 10:08:04 Failed to get updates, retrying in 3 seconds...
2026/03/05 10:08:10 Conflict: terminated by other getUpdates request; make sure that only one bot instance is running
2026/03/05 10:08:10 Failed to get updates, retrying in 3 seconds...
2026/03/05 10:08:16 Conflict: terminated by other getUpdates request; make sure that only one bot instance is running
2026/03/05 10:08:16 Failed to get updates, retrying in 3 seconds...
2026/03/05 10:08:22 Conflict: terminated by other getUpdates request; make sure that only one bot instance is running
2026/03/05 10:08:22 Failed to get updates, retrying in 3 seconds...
2026/03/05 10:08:28 Conflict: terminated by other getUpdates request; make sure that only one bot instance is running
2026/03/05 10:08:28 Failed to get updates, retrying in 3 seconds...
2026/03/05 10:08:34 Conflict: terminated by other getUpdates request; make sure that only one bot instance is running
2026/03/05 10:08:34 Failed to get updates, retrying in 3 seconds...
2026/03/05 10:08:40 Conflict: terminated by other getUpdates request; make sure that only one bot instance is running
2026/03/05 10:08:40 Failed to get updates, retrying in 3 seconds...
2026/03/05 10:08:46 Conflict: terminated by other getUpdates request; make sure that only one bot instance is running
2026/03/05 10:08:46 Failed to get updates, retrying in 3 seconds...
2026/03/05 10:08:52 Conflict: terminated by other getUpdates request; make sure that only one bot instance is running
2026/03/05 10:08:52 Failed to get updates, retrying in 3 seconds...
2026/03/05 10:08:58 Conflict: terminated by other getUpdates request; make sure that only one bot instance is running
2026/03/05 10:08:58 Failed to get updates, retrying in 3 seconds...
2026/03/05 10:09:04 Conflict: terminated by other getUpdates request; make sure that only one bot instance is running
2026/03/05 10:09:04 Failed to get updates, retrying in 3 seconds...
2026/03/05 10:09:10 Conflict: terminated by other getUpdates request; make sure that only one bot instance is running
2026/03/05 10:09:10 Failed to get updates, retrying in 3 seconds...
2026/03/05 10:09:16 Conflict: terminated by other getUpdates request; make sure that only one bot instance is running
2026/03/05 10:09:16 Failed to get updates, retrying in 3 seconds...
2026/03/05 10:09:22 Conflict: terminated by other getUpdates request; make sure that only one bot instance is running
2026/03/05 10:09:22 Failed to get updates, retrying in 3 seconds...
2026/03/05 10:09:28 Conflict: terminated by other getUpdates request; make sure that only one bot instance is running
2026/03/05 10:09:28 Failed to get updates, retrying in 3 seconds...
2026/03/05 10:09:34 Conflict: terminated by other getUpdates request; make sure that only one bot instance is running
2026/03/05 10:09:34 Failed to get updates, retrying in 3 seconds...
2026/03/05 10:09:40 Conflict: terminated by other getUpdates request; make sure that only one bot instance is running
2026/03/05 10:09:40 Failed to get updates, retrying in 3 seconds...
2026/03/05 10:09:46 Conflict: terminated by other getUpdates request; make sure that only one bot instance is running
2026/03/05 10:09:46 Failed to get updates, retrying in 3 seconds...
2026/03/05 10:09:52 Conflict: terminated by other getUpdates request; make sure that only one bot instance is running
2026/03/05 10:09:52 Failed to get updates, retrying in 3 seconds...
2026/03/05 10:09:58 Conflict: terminated by other getUpdates request; make sure that only one bot instance is running
2026/03/05 10:09:58 Failed to get updates, retrying in 3 seconds...
2026/03/05 10:10:01 [update 153879253] CallbackQuery: data=gift_next
2026/03/05 10:10:03 [update 153879254] CallbackQuery: data=main_menu_ai
2026/03/05 10:10:04 Conflict: terminated by other getUpdates request; make sure that only one bot instance is running
2026/03/05 10:10:04 Failed to get updates, retrying in 3 seconds...
2026/03/05 10:10:10 Conflict: terminated by other getUpdates request; make sure that only one bot instance is running
2026/03/05 10:10:10 Failed to get updates, retrying in 3 seconds...
2026/03/05 10:10:16 Conflict: terminated by other getUpdates request; make sure that only one bot instance is running
2026/03/05 10:10:16 Failed to get updates, retrying in 3 seconds...
2026/03/05 10:10:20 [update 153879257] CallbackQuery: data=main_menu_cabinet
2026/03/05 10:10:22 [update 153879258] CallbackQuery: data=cabinet_register
2026/03/05 10:10:22 Conflict: terminated by other getUpdates request; make sure that only one bot instance is running
2026/03/05 10:10:22 Failed to get updates, retrying in 3 seconds...
2026/03/05 10:10:27 [update 153879260] Message: chat=7217012505 text=""
2026/03/05 10:10:28 Conflict: terminated by other getUpdates request; make sure that only one bot instance is running
2026/03/05 10:10:28 Failed to get updates, retrying in 3 seconds...
2026/03/05 10:10:34 Conflict: terminated by other getUpdates request; make sure that only one bot instance is running
2026/03/05 10:10:34 Failed to get updates, retrying in 3 seconds...
2026/03/05 10:10:39 [update 153879264] Message: chat=7217012505 text="Вышла"
2026/03/05 10:10:40 Conflict: terminated by other getUpdates request; make sure that only one bot instance is running
2026/03/05 10:10:40 Failed to get updates, retrying in 3 seconds...
2026/03/05 10:10:46 Conflict: terminated by other getUpdates request; make sure that only one bot instance is running
2026/03/05 10:10:46 Failed to get updates, retrying in 3 seconds...
2026/03/05 10:10:52 Conflict: terminated by other getUpdates request; make sure that only one bot instance is running
2026/03/05 10:10:52 Failed to get updates, retrying in 3 seconds...
2026/03/05 10:10:58 Conflict: terminated by other getUpdates request; make sure that only one bot instance is running
2026/03/05 10:10:58 Failed to get updates, retrying in 3 seconds...
2026/03/05 10:11:04 Conflict: terminated by other getUpdates request; make sure that only one bot instance is running
2026/03/05 10:11:04 Failed to get updates, retrying in 3 seconds...
2026/03/05 10:11:10 Conflict: terminated by other getUpdates request; make sure that only one bot instance is running
2026/03/05 10:11:10 Failed to get updates, retrying in 3 seconds...
2026/03/05 10:11:16 Conflict: terminated by other getUpdates request; make sure that only one bot instance is running
2026/03/05 10:11:16 Failed to get updates, retrying in 3 seconds...
2026/03/05 10:11:22 Conflict: terminated by other getUpdates request; make sure that only one bot instance is running
2026/03/05 10:11:22 Failed to get updates, retrying in 3 seconds...
2026/03/05 10:11:28 Conflict: terminated by other getUpdates request; make sure that only one bot instance is running
2026/03/05 10:11:28 Failed to get updates, retrying in 3 seconds...
2026/03/05 10:11:34 Conflict: terminated by other getUpdates request; make sure that only one bot instance is running
2026/03/05 10:11:34 Failed to get updates, retrying in 3 seconds...
2026/03/05 10:11:40 Conflict: terminated by other getUpdates request; make sure that only one bot instance is running
2026/03/05 10:11:40 Failed to get updates, retrying in 3 seconds...
2026/03/05 10:11:46 Conflict: terminated by other getUpdates request; make sure that only one bot instance is running
2026/03/05 10:11:46 Failed to get updates, retrying in 3 seconds...
2026/03/05 10:11:52 Conflict: terminated by other getUpdates request; make sure that only one bot instance is running
2026/03/05 10:11:52 Failed to get updates, retrying in 3 seconds...
2026/03/05 10:11:58 Conflict: terminated by other getUpdates request; make sure that only one bot instance is running
2026/03/05 10:11:58 Failed to get updates, retrying in 3 seconds...
2026/03/05 10:12:04 Conflict: terminated by other getUpdates request; make sure that only one bot instance is running
2026/03/05 10:12:04 Failed to get updates, retrying in 3 seconds...
2026/03/05 10:12:10 Conflict: terminated by other getUpdates request; make sure that only one bot instance is running
2026/03/05 10:12:10 Failed to get updates, retrying in 3 seconds...
2026/03/05 10:12:16 Conflict: terminated by other getUpdates request; make sure that only one bot instance is running
2026/03/05 10:12:16 Failed to get updates, retrying in 3 seconds...
2026/03/05 10:12:22 Conflict: terminated by other getUpdates request; make sure that only one bot instance is running
2026/03/05 10:12:22 Failed to get updates, retrying in 3 seconds...
2026/03/05 10:12:28 Conflict: terminated by other getUpdates request; make sure that only one bot instance is running
2026/03/05 10:12:28 Failed to get updates, retrying in 3 seconds...
2026/03/05 10:12:34 Conflict: terminated by other getUpdates request; make sure that only one bot instance is running
2026/03/05 10:12:34 Failed to get updates, retrying in 3 seconds...
2026/03/05 10:12:40 Conflict: terminated by other getUpdates request; make sure that only one bot instance is running
2026/03/05 10:12:40 Failed to get updates, retrying in 3 seconds...
2026/03/05 10:12:46 Conflict: terminated by other getUpdates request; make sure that only one bot instance is running
2026/03/05 10:12:46 Failed to get updates, retrying in 3 seconds...
2026/03/05 10:12:52 Conflict: terminated by other getUpdates request; make sure that only one bot instance is running
2026/03/05 10:12:52 Failed to get updates, retrying in 3 seconds...
2026/03/05 10:12:58 Conflict: terminated by other getUpdates request; make sure that only one bot instance is running
2026/03/05 10:12:58 Failed to get updates, retrying in 3 seconds...
2026/03/05 10:13:04 Conflict: terminated by other getUpdates request; make sure that only one bot instance is running
2026/03/05 10:13:04 Failed to get updates, retrying in 3 seconds...
2026/03/05 10:13:10 Conflict: terminated by other getUpdates request; make sure that only one bot instance is running
2026/03/05 10:13:10 Failed to get updates, retrying in 3 seconds...
2026/03/05 10:13:16 Conflict: terminated by other getUpdates request; make sure that only one bot instance is running
2026/03/05 10:13:16 Failed to get updates, retrying in 3 seconds...
2026/03/05 10:13:22 Conflict: terminated by other getUpdates request; make sure that only one bot instance is running
2026/03/05 10:13:22 Failed to get updates, retrying in 3 seconds...
2026/03/05 10:13:28 Conflict: terminated by other getUpdates request; make sure that only one bot instance is running
2026/03/05 10:13:28 Failed to get updates, retrying in 3 seconds...
2026/03/05 10:13:34 Conflict: terminated by other getUpdates request; make sure that only one bot instance is running
2026/03/05 10:13:34 Failed to get updates, retrying in 3 seconds...
2026/03/05 10:13:40 Conflict: terminated by other getUpdates request; make sure that only one bot instance is running
2026/03/05 10:13:40 Failed to get updates, retrying in 3 seconds...
2026/03/05 10:13:46 Conflict: terminated by other getUpdates request; make sure that only one bot instance is running
2026/03/05 10:13:46 Failed to get updates, retrying in 3 seconds...
2026/03/05 10:13:52 Conflict: terminated by other getUpdates request; make sure that only one bot instance is running
2026/03/05 10:13:52 Failed to get updates, retrying in 3 seconds...
2026/03/05 10:13:58 Conflict: terminated by other getUpdates request; make sure that only one bot instance is running
2026/03/05 10:13:58 Failed to get updates, retrying in 3 seconds...
2026/03/05 10:14:04 Conflict: terminated by other getUpdates request; make sure that only one bot instance is running
2026/03/05 10:14:04 Failed to get updates, retrying in 3 seconds...
2026/03/05 10:14:10 Conflict: terminated by other getUpdates request; make sure that only one bot instance is running
2026/03/05 10:14:10 Failed to get updates, retrying in 3 seconds...
2026/03/05 10:14:16 Conflict: terminated by other getUpdates request; make sure that only one bot instance is running
2026/03/05 10:14:16 Failed to get updates, retrying in 3 seconds...
2026/03/05 10:14:22 Conflict: terminated by other getUpdates request; make sure that only one bot instance is running
2026/03/05 10:14:22 Failed to get updates, retrying in 3 seconds...
2026/03/05 10:14:28 Conflict: terminated by other getUpdates request; make sure that only one bot instance is running
2026/03/05 10:14:28 Failed to get updates, retrying in 3 seconds...
2026/03/05 10:14:34 Conflict: terminated by other getUpdates request; make sure that only one bot instance is running
2026/03/05 10:14:34 Failed to get updates, retrying in 3 seconds...
2026/03/05 10:14:40 Conflict: terminated by other getUpdates request; make sure that only one bot instance is running
2026/03/05 10:14:40 Failed to get updates, retrying in 3 seconds...
2026/03/05 10:14:46 Conflict: terminated by other getUpdates request; make sure that only one bot instance is running
2026/03/05 10:14:46 Failed to get updates, retrying in 3 seconds...
2026/03/05 10:14:52 Conflict: terminated by other getUpdates request; make sure that only one bot instance is running
2026/03/05 10:14:52 Failed to get updates, retrying in 3 seconds...
2026/03/05 10:14:58 Conflict: terminated by other getUpdates request; make sure that only one bot instance is running
2026/03/05 10:14:58 Failed to get updates, retrying in 3 seconds...
2026/03/05 10:15:04 Conflict: terminated by other getUpdates request; make sure that only one bot instance is running
2026/03/05 10:15:04 Failed to get updates, retrying in 3 seconds...
2026/03/05 10:15:10 Conflict: terminated by other getUpdates request; make sure that only one bot instance is running
2026/03/05 10:15:10 Failed to get updates, retrying in 3 seconds...
2026/03/05 10:15:16 Conflict: terminated by other getUpdates request; make sure that only one bot instance is running
2026/03/05 10:15:16 Failed to get updates, retrying in 3 seconds...
2026/03/05 10:15:22 Conflict: terminated by other getUpdates request; make sure that only one bot instance is running
2026/03/05 10:15:22 Failed to get updates, retrying in 3 seconds...
2026/03/05 10:15:28 Conflict: terminated by other getUpdates request; make sure that only one bot instance is running
2026/03/05 10:15:28 Failed to get updates, retrying in 3 seconds...
2026/03/05 10:15:34 Conflict: terminated by other getUpdates request; make sure that only one bot instance is running
2026/03/05 10:15:34 Failed to get updates, retrying in 3 seconds...
2026/03/05 10:15:40 Conflict: terminated by other getUpdates request; make sure that only one bot instance is running
2026/03/05 10:15:40 Failed to get updates, retrying in 3 seconds...
2026/03/05 10:15:46 Conflict: terminated by other getUpdates request; make sure that only one bot instance is running
2026/03/05 10:15:46 Failed to get updates, retrying in 3 seconds...
2026/03/05 10:15:52 Conflict: terminated by other getUpdates request; make sure that only one bot instance is running
2026/03/05 10:15:52 Failed to get updates, retrying in 3 seconds...
2026/03/05 10:15:58 Conflict: terminated by other getUpdates request; make sure that only one bot instance is running
2026/03/05 10:15:58 Failed to get updates, retrying in 3 seconds...
2026/03/05 10:16:04 Conflict: terminated by other getUpdates request; make sure that only one bot instance is running
2026/03/05 10:16:04 Failed to get updates, retrying in 3 seconds...
2026/03/05 10:16:10 Conflict: terminated by other getUpdates request; make sure that only one bot instance is running
2026/03/05 10:16:10 Failed to get updates, retrying in 3 seconds...
2026/03/05 10:16:16 Conflict: terminated by other getUpdates request; make sure that only one bot instance is running
2026/03/05 10:16:16 Failed to get updates, retrying in 3 seconds...
2026/03/05 10:16:22 Conflict: terminated by other getUpdates request; make sure that only one bot instance is running
2026/03/05 10:16:22 Failed to get updates, retrying in 3 seconds...
2026/03/05 10:16:28 Conflict: terminated by other getUpdates request; make sure that only one bot instance is running
2026/03/05 10:16:28 Failed to get updates, retrying in 3 seconds...
2026/03/05 10:16:34 Conflict: terminated by other getUpdates request; make sure that only one bot instance is running
2026/03/05 10:16:34 Failed to get updates, retrying in 3 seconds...
2026/03/05 10:16:41 Conflict: terminated by other getUpdates request; make sure that only one bot instance is running
2026/03/05 10:16:41 Failed to get updates, retrying in 3 seconds...
2026/03/05 10:16:47 Conflict: terminated by other getUpdates request; make sure that only one bot instance is running
2026/03/05 10:16:47 Failed to get updates, retrying in 3 seconds...
2026/03/05 10:16:53 Conflict: terminated by other getUpdates request; make sure that only one bot instance is running
2026/03/05 10:16:53 Failed to get updates, retrying in 3 seconds...
2026/03/05 10:16:59 Conflict: terminated by other getUpdates request; make sure that only one bot instance is running
2026/03/05 10:16:59 Failed to get updates, retrying in 3 seconds...
2026/03/05 10:17:05 Conflict: terminated by other getUpdates request; make sure that only one bot instance is running
2026/03/05 10:17:05 Failed to get updates, retrying in 3 seconds...
2026/03/05 10:17:11 Conflict: terminated by other getUpdates request; make sure that only one bot instance is running
2026/03/05 10:17:11 Failed to get updates, retrying in 3 seconds...
2026/03/05 10:17:17 Conflict: terminated by other getUpdates request; make sure that only one bot instance is running
2026/03/05 10:17:17 Failed to get updates, retrying in 3 seconds...
2026/03/05 10:17:23 Conflict: terminated by other getUpdates request; make sure that only one bot instance is running
2026/03/05 10:17:23 Failed to get updates, retrying in 3 seconds...
2026/03/05 10:17:29 Conflict: terminated by other getUpdates request; make sure that only one bot instance is running
2026/03/05 10:17:29 Failed to get updates, retrying in 3 seconds...
2026/03/05 10:17:35 Conflict: terminated by other getUpdates request; make sure that only one bot instance is running
2026/03/05 10:17:35 Failed to get updates, retrying in 3 seconds...
2026/03/05 10:17:41 Conflict: terminated by other getUpdates request; make sure that only one bot instance is running
2026/03/05 10:17:41 Failed to get updates, retrying in 3 seconds...
2026/03/05 10:17:47 Conflict: terminated by other getUpdates request; make sure that only one bot instance is running
2026/03/05 10:17:47 Failed to get updates, retrying in 3 seconds...
2026/03/05 10:17:53 Conflict: terminated by other getUpdates request; make sure that only one bot instance is running
2026/03/05 10:17:53 Failed to get updates, retrying in 3 seconds...
2026/03/05 10:17:59 Conflict: terminated by other getUpdates request; make sure that only one bot instance is running
2026/03/05 10:17:59 Failed to get updates, retrying in 3 seconds...
2026/03/05 10:18:05 Conflict: terminated by other getUpdates request; make sure that only one bot instance is running
2026/03/05 10:18:05 Failed to get updates, retrying in 3 seconds...
2026/03/05 10:18:11 Conflict: terminated by other getUpdates request; make sure that only one bot instance is running
2026/03/05 10:18:11 Failed to get updates, retrying in 3 seconds...
2026/03/05 10:18:17 Conflict: terminated by other getUpdates request; make sure that only one bot instance is running
2026/03/05 10:18:17 Failed to get updates, retrying in 3 seconds...
2026/03/05 10:18:23 Conflict: terminated by other getUpdates request; make sure that only one bot instance is running
2026/03/05 10:18:23 Failed to get updates, retrying in 3 seconds...
2026/03/05 10:18:29 Conflict: terminated by other getUpdates request; make sure that only one bot instance is running
2026/03/05 10:18:29 Failed to get updates, retrying in 3 seconds...
2026/03/05 10:18:35 Conflict: terminated by other getUpdates request; make sure that only one bot instance is running
2026/03/05 10:18:35 Failed to get updates, retrying in 3 seconds...
2026/03/05 10:18:41 Conflict: terminated by other getUpdates request; make sure that only one bot instance is running
2026/03/05 10:18:41 Failed to get updates, retrying in 3 seconds...
2026/03/05 10:18:47 Conflict: terminated by other getUpdates request; make sure that only one bot instance is running
2026/03/05 10:18:47 Failed to get updates, retrying in 3 seconds...
2026/03/05 10:18:53 Conflict: terminated by other getUpdates request; make sure that only one bot instance is running
2026/03/05 10:18:53 Failed to get updates, retrying in 3 seconds...
2026/03/05 10:18:59 Conflict: terminated by other getUpdates request; make sure that only one bot instance is running
2026/03/05 10:18:59 Failed to get updates, retrying in 3 seconds...
2026/03/05 10:19:05 Conflict: terminated by other getUpdates request; make sure that only one bot instance is running
2026/03/05 10:19:05 Failed to get updates, retrying in 3 seconds...
2026/03/05 10:19:11 Conflict: terminated by other getUpdates request; make sure that only one bot instance is running
2026/03/05 10:19:11 Failed to get updates, retrying in 3 seconds...
2026/03/05 10:19:17 Conflict: terminated by other getUpdates request; make sure that only one bot instance is running
2026/03/05 10:19:17 Failed to get updates, retrying in 3 seconds...
2026/03/05 10:19:23 Conflict: terminated by other getUpdates request; make sure that only one bot instance is running
2026/03/05 10:19:23 Failed to get updates, retrying in 3 seconds...
2026/03/05 10:19:29 Conflict: terminated by other getUpdates request; make sure that only one bot instance is running
2026/03/05 10:19:29 Failed to get updates, retrying in 3 seconds...
2026/03/05 10:19:35 Conflict: terminated by other getUpdates request; make sure that only one bot instance is running
2026/03/05 10:19:35 Failed to get updates, retrying in 3 seconds...
2026/03/05 10:19:41 Conflict: terminated by other getUpdates request; make sure that only one bot instance is running
2026/03/05 10:19:41 Failed to get updates, retrying in 3 seconds...
2026/03/05 10:19:47 Conflict: terminated by other getUpdates request; make sure that only one bot instance is running
2026/03/05 10:19:47 Failed to get updates, retrying in 3 seconds...
2026/03/05 10:19:53 Conflict: terminated by other getUpdates request; make sure that only one bot instance is running
2026/03/05 10:19:53 Failed to get updates, retrying in 3 seconds...
2026/03/05 10:19:59 Conflict: terminated by other getUpdates request; make sure that only one bot instance is running
2026/03/05 10:19:59 Failed to get updates, retrying in 3 seconds...
2026/03/05 10:20:05 Conflict: terminated by other getUpdates request; make sure that only one bot instance is running
2026/03/05 10:20:05 Failed to get updates, retrying in 3 seconds...
2026/03/05 10:20:11 Conflict: terminated by other getUpdates request; make sure that only one bot instance is running
2026/03/05 10:20:11 Failed to get updates, retrying in 3 seconds...
2026/03/05 10:20:17 Conflict: terminated by other getUpdates request; make sure that only one bot instance is running
2026/03/05 10:20:17 Failed to get updates, retrying in 3 seconds...
2026/03/05 10:20:23 Conflict: terminated by other getUpdates request; make sure that only one bot instance is running
2026/03/05 10:20:23 Failed to get updates, retrying in 3 seconds...
2026/03/05 10:20:29 Conflict: terminated by other getUpdates request; make sure that only one bot instance is running
2026/03/05 10:20:29 Failed to get updates, retrying in 3 seconds...
2026/03/05 10:20:35 Conflict: terminated by other getUpdates request; make sure that only one bot instance is running
2026/03/05 10:20:35 Failed to get updates, retrying in 3 seconds...
2026/03/05 10:20:41 Conflict: terminated by other getUpdates request; make sure that only one bot instance is running
2026/03/05 10:20:41 Failed to get updates, retrying in 3 seconds...
2026/03/05 10:20:47 Conflict: terminated by other getUpdates request; make sure that only one bot instance is running
2026/03/05 10:20:47 Failed to get updates, retrying in 3 seconds...
2026/03/05 10:20:53 Conflict: terminated by other getUpdates request; make sure that only one bot instance is running
2026/03/05 10:20:53 Failed to get updates, retrying in 3 seconds...
2026/03/05 10:20:59 Conflict: terminated by other getUpdates request; make sure that only one bot instance is running
2026/03/05 10:20:59 Failed to get updates, retrying in 3 seconds...
2026/03/05 10:21:05 Conflict: terminated by other getUpdates request; make sure that only one bot instance is running
2026/03/05 10:21:05 Failed to get updates, retrying in 3 seconds...
2026/03/05 10:21:11 Conflict: terminated by other getUpdates request; make sure that only one bot instance is running
2026/03/05 10:21:11 Failed to get updates, retrying in 3 seconds...
2026/03/05 10:21:17 Conflict: terminated by other getUpdates request; make sure that only one bot instance is running
2026/03/05 10:21:17 Failed to get updates, retrying in 3 seconds...
2026/03/05 10:21:23 Conflict: terminated by other getUpdates request; make sure that only one bot instance is running
2026/03/05 10:21:23 Failed to get updates, retrying in 3 seconds...
2026/03/05 10:21:29 Conflict: terminated by other getUpdates request; make sure that only one bot instance is running
2026/03/05 10:21:29 Failed to get updates, retrying in 3 seconds...
2026/03/05 10:21:35 Conflict: terminated by other getUpdates request; make sure that only one bot instance is running
2026/03/05 10:21:35 Failed to get updates, retrying in 3 seconds...
2026/03/05 10:21:41 Conflict: terminated by other getUpdates request; make sure that only one bot instance is running
2026/03/05 10:21:41 Failed to get updates, retrying in 3 seconds...
2026/03/05 10:21:47 Conflict: terminated by other getUpdates request; make sure that only one bot instance is running
2026/03/05 10:21:47 Failed to get updates, retrying in 3 seconds...
2026/03/05 10:21:53 Conflict: terminated by other getUpdates request; make sure that only one bot instance is running
2026/03/05 10:21:53 Failed to get updates, retrying in 3 seconds...
2026/03/05 10:21:59 Conflict: terminated by other getUpdates request; make sure that only one bot instance is running
2026/03/05 10:21:59 Failed to get updates, retrying in 3 seconds...
2026/03/05 10:22:05 Conflict: terminated by other getUpdates request; make sure that only one bot instance is running
2026/03/05 10:22:05 Failed to get updates, retrying in 3 seconds...
2026/03/05 10:22:11 Conflict: terminated by other getUpdates request; make sure that only one bot instance is running
2026/03/05 10:22:11 Failed to get updates, retrying in 3 seconds...
2026/03/05 10:22:17 Conflict: terminated by other getUpdates request; make sure that only one bot instance is running
2026/03/05 10:22:17 Failed to get updates, retrying in 3 seconds...
2026/03/05 10:22:23 Conflict: terminated by other getUpdates request; make sure that only one bot instance is running
2026/03/05 10:22:23 Failed to get updates, retrying in 3 seconds...
2026/03/05 10:22:29 Conflict: terminated by other getUpdates request; make sure that only one bot instance is running
2026/03/05 10:22:29 Failed to get updates, retrying in 3 seconds...
2026/03/05 10:22:35 Conflict: terminated by other getUpdates request; make sure that only one bot instance is running
2026/03/05 10:22:35 Failed to get updates, retrying in 3 seconds...
2026/03/05 10:22:41 Conflict: terminated by other getUpdates request; make sure that only one bot instance is running
2026/03/05 10:22:41 Failed to get updates, retrying in 3 seconds...
2026/03/05 10:22:47 Conflict: terminated by other getUpdates request; make sure that only one bot instance is running
2026/03/05 10:22:47 Failed to get updates, retrying in 3 seconds...
2026/03/05 10:22:53 Conflict: terminated by other getUpdates request; make sure that only one bot instance is running
2026/03/05 10:22:53 Failed to get updates, retrying in 3 seconds...
2026/03/05 10:22:59 Conflict: terminated by other getUpdates request; make sure that only one bot instance is running
2026/03/05 10:22:59 Failed to get updates, retrying in 3 seconds...
2026/03/05 10:23:05 Conflict: terminated by other getUpdates request; make sure that only one bot instance is running
2026/03/05 10:23:05 Failed to get updates, retrying in 3 seconds...
2026/03/05 10:23:11 Conflict: terminated by other getUpdates request; make sure that only one bot instance is running
2026/03/05 10:23:11 Failed to get updates, retrying in 3 seconds...
2026/03/05 10:23:17 Conflict: terminated by other getUpdates request; make sure that only one bot instance is running
2026/03/05 10:23:17 Failed to get updates, retrying in 3 seconds...
2026/03/05 10:23:23 Conflict: terminated by other getUpdates request; make sure that only one bot instance is running
2026/03/05 10:23:23 Failed to get updates, retrying in 3 seconds...
2026/03/05 10:23:29 Conflict: terminated by other getUpdates request; make sure that only one bot instance is running
2026/03/05 10:23:29 Failed to get updates, retrying in 3 seconds...
2026/03/05 10:23:35 Conflict: terminated by other getUpdates request; make sure that only one bot instance is running
2026/03/05 10:23:35 Failed to get updates, retrying in 3 seconds...
2026/03/05 10:23:41 Conflict: terminated by other getUpdates request; make sure that only one bot instance is running
2026/03/05 10:23:41 Failed to get updates, retrying in 3 seconds...
2026/03/05 10:23:47 Conflict: terminated by other getUpdates request; make sure that only one bot instance is running
2026/03/05 10:23:47 Failed to get updates, retrying in 3 seconds...
2026/03/05 10:23:53 Conflict: terminated by other getUpdates request; make sure that only one bot instance is running
2026/03/05 10:23:53 Failed to get updates, retrying in 3 seconds...
2026/03/05 10:23:59 Conflict: terminated by other getUpdates request; make sure that only one bot instance is running
2026/03/05 10:23:59 Failed to get updates, retrying in 3 seconds...
2026/03/05 10:24:05 Conflict: terminated by other getUpdates request; make sure that only one bot instance is running
2026/03/05 10:24:05 Failed to get updates, retrying in 3 seconds...
2026/03/05 10:24:11 Conflict: terminated by other getUpdates request; make sure that only one bot instance is running
2026/03/05 10:24:11 Failed to get updates, retrying in 3 seconds...
2026/03/05 10:24:17 Conflict: terminated by other getUpdates request; make sure that only one bot instance is running
2026/03/05 10:24:17 Failed to get updates, retrying in 3 seconds...
2026/03/05 10:24:23 Conflict: terminated by other getUpdates request; make sure that only one bot instance is running
2026/03/05 10:24:23 Failed to get updates, retrying in 3 seconds...
2026/03/05 10:24:29 [update 153879266] Message: chat=7026935701 text="/start"
2026/03/05 10:24:29 Received /start from chat 7026935701
2026/03/05 10:24:29 Sent start message to chat 7026935701
2026/03/05 10:24:29 Conflict: terminated by other getUpdates request; make sure that only one bot instance is running
2026/03/05 10:24:29 Failed to get updates, retrying in 3 seconds...
2026/03/05 10:24:33 [update 153879268] CallbackQuery: data=ai_coach_back
2026/03/05 10:24:33 Sent start message to chat 7026935701
2026/03/05 10:24:35 Conflict: terminated by other getUpdates request; make sure that only one bot instance is running
2026/03/05 10:24:35 Failed to get updates, retrying in 3 seconds...
2026/03/05 10:24:41 Conflict: terminated by other getUpdates request; make sure that only one bot instance is running
2026/03/05 10:24:41 Failed to get updates, retrying in 3 seconds...
2026/03/05 10:24:47 Conflict: terminated by other getUpdates request; make sure that only one bot instance is running
2026/03/05 10:24:47 Failed to get updates, retrying in 3 seconds...
2026/03/05 10:24:53 Conflict: terminated by other getUpdates request; make sure that only one bot instance is running
2026/03/05 10:24:53 Failed to get updates, retrying in 3 seconds...
2026/03/05 10:24:59 Conflict: terminated by other getUpdates request; make sure that only one bot instance is running
2026/03/05 10:24:59 Failed to get updates, retrying in 3 seconds...
2026/03/05 10:25:05 Conflict: terminated by other getUpdates request; make sure that only one bot instance is running
2026/03/05 10:25:05 Failed to get updates, retrying in 3 seconds...
2026/03/05 10:25:11 Conflict: terminated by other getUpdates request; make sure that only one bot instance is running
2026/03/05 10:25:11 Failed to get updates, retrying in 3 seconds...
2026/03/05 10:25:17 Conflict: terminated by other getUpdates request; make sure that only one bot instance is running
2026/03/05 10:25:17 Failed to get updates, retrying in 3 seconds...
2026/03/05 10:25:23 Conflict: terminated by other getUpdates request; make sure that only one bot instance is running
2026/03/05 10:25:23 Failed to get updates, retrying in 3 seconds...
2026/03/05 10:25:29 Conflict: terminated by other getUpdates request; make sure that only one bot instance is running
2026/03/05 10:25:29 Failed to get updates, retrying in 3 seconds...
2026/03/05 10:25:35 Conflict: terminated by other getUpdates request; make sure that only one bot instance is running
2026/03/05 10:25:35 Failed to get updates, retrying in 3 seconds...
2026/03/05 10:25:41 Conflict: terminated by other getUpdates request; make sure that only one bot instance is running
2026/03/05 10:25:41 Failed to get updates, retrying in 3 seconds...
2026/03/05 10:25:47 Conflict: terminated by other getUpdates request; make sure that only one bot instance is running
2026/03/05 10:25:47 Failed to get updates, retrying in 3 seconds...
2026/03/05 10:25:53 Conflict: terminated by other getUpdates request; make sure that only one bot instance is running
2026/03/05 10:25:53 Failed to get updates, retrying in 3 seconds...
2026/03/05 10:25:59 Conflict: terminated by other getUpdates request; make sure that only one bot instance is running
2026/03/05 10:25:59 Failed to get updates, retrying in 3 seconds...
2026/03/05 10:26:05 Conflict: terminated by other getUpdates request; make sure that only one bot instance is running
2026/03/05 10:26:05 Failed to get updates, retrying in 3 seconds...
2026/03/05 10:26:11 Conflict: terminated by other getUpdates request; make sure that only one bot instance is running
2026/03/05 10:26:11 Failed to get updates, retrying in 3 seconds...
2026/03/05 10:26:17 Conflict: terminated by other getUpdates request; make sure that only one bot instance is running
2026/03/05 10:26:17 Failed to get updates, retrying in 3 seconds...
2026/03/05 10:26:23 Conflict: terminated by other getUpdates request; make sure that only one bot instance is running
2026/03/05 10:26:23 Failed to get updates, retrying in 3 seconds...
2026/03/05 10:26:29 Conflict: terminated by other getUpdates request; make sure that only one bot instance is running
2026/03/05 10:26:29 Failed to get updates, retrying in 3 seconds...
2026/03/05 10:26:35 Conflict: terminated by other getUpdates request; make sure that only one bot instance is running
2026/03/05 10:26:35 Failed to get updates, retrying in 3 seconds...
2026/03/05 10:26:41 Conflict: terminated by other getUpdates request; make sure that only one bot instance is running
2026/03/05 10:26:41 Failed to get updates, retrying in 3 seconds...
2026/03/05 10:26:47 Conflict: terminated by other getUpdates request; make sure that only one bot instance is running
2026/03/05 10:26:47 Failed to get updates, retrying in 3 seconds...
2026/03/05 10:26:53 Conflict: terminated by other getUpdates request; make sure that only one bot instance is running
2026/03/05 10:26:53 Failed to get updates, retrying in 3 seconds...
2026/03/05 10:26:59 Conflict: terminated by other getUpdates request; make sure that only one bot instance is running
2026/03/05 10:26:59 Failed to get updates, retrying in 3 seconds...
2026/03/05 10:27:05 Conflict: terminated by other getUpdates request; make sure that only one bot instance is running
2026/03/05 10:27:05 Failed to get updates, retrying in 3 seconds...
2026/03/05 10:27:11 Conflict: terminated by other getUpdates request; make sure that only one bot instance is running
2026/03/05 10:27:11 Failed to get updates, retrying in 3 seconds...
2026/03/05 10:27:17 Conflict: terminated by other getUpdates request; make sure that only one bot instance is running
2026/03/05 10:27:17 Failed to get updates, retrying in 3 seconds...
2026/03/05 10:27:23 Conflict: terminated by other getUpdates request; make sure that only one bot instance is running
2026/03/05 10:27:23 Failed to get updates, retrying in 3 seconds...
2026/03/05 10:27:29 Conflict: terminated by other getUpdates request; make sure that only one bot instance is running
2026/03/05 10:27:29 Failed to get updates, retrying in 3 seconds...
2026/03/05 10:27:35 Conflict: terminated by other getUpdates request; make sure that only one bot instance is running
2026/03/05 10:27:35 Failed to get updates, retrying in 3 seconds...
2026/03/05 10:27:41 Conflict: terminated by other getUpdates request; make sure that only one bot instance is running
2026/03/05 10:27:41 Failed to get updates, retrying in 3 seconds...
2026/03/05 10:27:47 Conflict: terminated by other getUpdates request; make sure that only one bot instance is running
2026/03/05 10:27:47 Failed to get updates, retrying in 3 seconds...
2026/03/05 10:27:54 Conflict: terminated by other getUpdates request; make sure that only one bot instance is running
2026/03/05 10:27:54 Failed to get updates, retrying in 3 seconds...
2026/03/05 10:28:00 Conflict: terminated by other getUpdates request; make sure that only one bot instance is running
2026/03/05 10:28:00 Failed to get updates, retrying in 3 seconds...
2026/03/05 10:28:06 Conflict: terminated by other getUpdates request; make sure that only one bot instance is running
2026/03/05 10:28:06 Failed to get updates, retrying in 3 seconds...
2026/03/05 10:28:12 Conflict: terminated by other getUpdates request; make sure that only one bot instance is running
2026/03/05 10:28:12 Failed to get updates, retrying in 3 seconds...
2026/03/05 10:28:18 Conflict: terminated by other getUpdates request; make sure that only one bot instance is running
2026/03/05 10:28:18 Failed to get updates, retrying in 3 seconds...
2026/03/05 10:28:24 Conflict: terminated by other getUpdates request; make sure that only one bot instance is running
2026/03/05 10:28:24 Failed to get updates, retrying in 3 seconds...
2026/03/05 10:28:30 Conflict: terminated by other getUpdates request; make sure that only one bot instance is running
2026/03/05 10:28:30 Failed to get updates, retrying in 3 seconds...
2026/03/05 10:28:36 Conflict: terminated by other getUpdates request; make sure that only one bot instance is running
2026/03/05 10:28:36 Failed to get updates, retrying in 3 seconds...
2026/03/05 10:28:42 Conflict: terminated by other getUpdates request; make sure that only one bot instance is running
2026/03/05 10:28:42 Failed to get updates, retrying in 3 seconds...
2026/03/05 10:28:48 Conflict: terminated by other getUpdates request; make sure that only one bot instance is running
2026/03/05 10:28:48 Failed to get updates, retrying in 3 seconds...
2026/03/05 10:28:54 Conflict: terminated by other getUpdates request; make sure that only one bot instance is running
2026/03/05 10:28:54 Failed to get updates, retrying in 3 seconds...
2026/03/05 10:29:00 Conflict: terminated by other getUpdates request; make sure that only one bot instance is running
2026/03/05 10:29:00 Failed to get updates, retrying in 3 seconds...
2026/03/05 10:29:06 Conflict: terminated by other getUpdates request; make sure that only one bot instance is running
2026/03/05 10:29:06 Failed to get updates, retrying in 3 seconds...
2026/03/05 10:29:12 Conflict: terminated by other getUpdates request; make sure that only one bot instance is running
2026/03/05 10:29:12 Failed to get updates, retrying in 3 seconds...
2026/03/05 10:29:18 Conflict: terminated by other getUpdates request; make sure that only one bot instance is running
2026/03/05 10:29:18 Failed to get updates, retrying in 3 seconds...
2026/03/05 10:29:24 Conflict: terminated by other getUpdates request; make sure that only one bot instance is running
2026/03/05 10:29:24 Failed to get updates, retrying in 3 seconds...
2026/03/05 10:29:30 Conflict: terminated by other getUpdates request; make sure that only one bot instance is running
2026/03/05 10:29:30 Failed to get updates, retrying in 3 seconds...
2026/03/05 10:29:36 Conflict: terminated by other getUpdates request; make sure that only one bot instance is running
2026/03/05 10:29:36 Failed to get updates, retrying in 3 seconds...
2026/03/05 10:29:42 Conflict: terminated by other getUpdates request; make sure that only one bot instance is running
2026/03/05 10:29:42 Failed to get updates, retrying in 3 seconds...
2026/03/05 10:29:48 Conflict: terminated by other getUpdates request; make sure that only one bot instance is running
2026/03/05 10:29:48 Failed to get updates, retrying in 3 seconds...
2026/03/05 10:29:54 Conflict: terminated by other getUpdates request; make sure that only one bot instance is running
2026/03/05 10:29:54 Failed to get updates, retrying in 3 seconds...
2026/03/05 10:30:00 Conflict: terminated by other getUpdates request; make sure that only one bot instance is running
2026/03/05 10:30:00 Failed to get updates, retrying in 3 seconds...
2026/03/05 10:30:06 Conflict: terminated by other getUpdates request; make sure that only one bot instance is running
2026/03/05 10:30:06 Failed to get updates, retrying in 3 seconds...
2026/03/05 10:30:12 Conflict: terminated by other getUpdates request; make sure that only one bot instance is running
2026/03/05 10:30:12 Failed to get updates, retrying in 3 seconds...
2026/03/05 10:30:18 Conflict: terminated by other getUpdates request; make sure that only one bot instance is running
2026/03/05 10:30:18 Failed to get updates, retrying in 3 seconds...
2026/03/05 10:30:24 Conflict: terminated by other getUpdates request; make sure that only one bot instance is running
2026/03/05 10:30:24 Failed to get updates, retrying in 3 seconds...
2026/03/05 10:30:30 Conflict: terminated by other getUpdates request; make sure that only one bot instance is running
2026/03/05 10:30:30 Failed to get updates, retrying in 3 seconds...
2026/03/05 10:30:36 Conflict: terminated by other getUpdates request; make sure that only one bot instance is running
2026/03/05 10:30:36 Failed to get updates, retrying in 3 seconds...
2026/03/05 10:30:42 Conflict: terminated by other getUpdates request; make sure that only one bot instance is running
2026/03/05 10:30:42 Failed to get updates, retrying in 3 seconds...
2026/03/05 10:30:48 Conflict: terminated by other getUpdates request; make sure that only one bot instance is running
2026/03/05 10:30:48 Failed to get updates, retrying in 3 seconds...
2026/03/05 10:30:54 Conflict: terminated by other getUpdates request; make sure that only one bot instance is running
2026/03/05 10:30:54 Failed to get updates, retrying in 3 seconds...
2026/03/05 10:31:00 Conflict: terminated by other getUpdates request; make sure that only one bot instance is running
2026/03/05 10:31:00 Failed to get updates, retrying in 3 seconds...
2026/03/05 10:31:06 Conflict: terminated by other getUpdates request; make sure that only one bot instance is running
2026/03/05 10:31:06 Failed to get updates, retrying in 3 seconds...
2026/03/05 10:31:12 Conflict: terminated by other getUpdates request; make sure that only one bot instance is running
2026/03/05 10:31:12 Failed to get updates, retrying in 3 seconds...
2026/03/05 10:31:18 Conflict: terminated by other getUpdates request; make sure that only one bot instance is running
2026/03/05 10:31:18 Failed to get updates, retrying in 3 seconds...
2026/03/05 10:31:24 Conflict: terminated by other getUpdates request; make sure that only one bot instance is running
2026/03/05 10:31:24 Failed to get updates, retrying in 3 seconds...
2026/03/05 10:31:30 Conflict: terminated by other getUpdates request; make sure that only one bot instance is running
2026/03/05 10:31:30 Failed to get updates, retrying in 3 seconds...
2026/03/05 10:31:36 Conflict: terminated by other getUpdates request; make sure that only one bot instance is running
2026/03/05 10:31:36 Failed to get updates, retrying in 3 seconds...
2026/03/05 10:31:42 Conflict: terminated by other getUpdates request; make sure that only one bot instance is running
2026/03/05 10:31:42 Failed to get updates, retrying in 3 seconds...
2026/03/05 10:31:48 Conflict: terminated by other getUpdates request; make sure that only one bot instance is running
2026/03/05 10:31:48 Failed to get updates, retrying in 3 seconds...
2026/03/05 10:31:54 Conflict: terminated by other getUpdates request; make sure that only one bot instance is running
2026/03/05 10:31:54 Failed to get updates, retrying in 3 seconds...
2026/03/05 10:32:00 Conflict: terminated by other getUpdates request; make sure that only one bot instance is running
2026/03/05 10:32:00 Failed to get updates, retrying in 3 seconds...
2026/03/05 10:32:06 Conflict: terminated by other getUpdates request; make sure that only one bot instance is running
2026/03/05 10:32:06 Failed to get updates, retrying in 3 seconds...
2026/03/05 10:32:12 Conflict: terminated by other getUpdates request; make sure that only one bot instance is running
2026/03/05 10:32:12 Failed to get updates, retrying in 3 seconds...
2026/03/05 10:32:18 Conflict: terminated by other getUpdates request; make sure that only one bot instance is running
2026/03/05 10:32:18 Failed to get updates, retrying in 3 seconds...
2026/03/05 10:32:24 Conflict: terminated by other getUpdates request; make sure that only one bot instance is running
2026/03/05 10:32:24 Failed to get updates, retrying in 3 seconds...
2026/03/05 10:32:30 Conflict: terminated by other getUpdates request; make sure that only one bot instance is running
2026/03/05 10:32:30 Failed to get updates, retrying in 3 seconds...
2026/03/05 10:32:36 Conflict: terminated by other getUpdates request; make sure that only one bot instance is running
2026/03/05 10:32:36 Failed to get updates, retrying in 3 seconds...
2026/03/05 10:32:42 Conflict: terminated by other getUpdates request; make sure that only one bot instance is running
2026/03/05 10:32:42 Failed to get updates, retrying in 3 seconds...
2026/03/05 10:32:48 Conflict: terminated by other getUpdates request; make sure that only one bot instance is running
2026/03/05 10:32:48 Failed to get updates, retrying in 3 seconds...
2026/03/05 10:32:54 Conflict: terminated by other getUpdates request; make sure that only one bot instance is running
2026/03/05 10:32:54 Failed to get updates, retrying in 3 seconds...
2026/03/05 10:33:00 Conflict: terminated by other getUpdates request; make sure that only one bot instance is running
2026/03/05 10:33:00 Failed to get updates, retrying in 3 seconds...
2026/03/05 10:33:06 Conflict: terminated by other getUpdates request; make sure that only one bot instance is running
2026/03/05 10:33:06 Failed to get updates, retrying in 3 seconds...
2026/03/05 10:33:12 Conflict: terminated by other getUpdates request; make sure that only one bot instance is running
2026/03/05 10:33:12 Failed to get updates, retrying in 3 seconds...
2026/03/05 10:33:18 Conflict: terminated by other getUpdates request; make sure that only one bot instance is running
2026/03/05 10:33:18 Failed to get updates, retrying in 3 seconds...
2026/03/05 10:33:24 Conflict: terminated by other getUpdates request; make sure that only one bot instance is running
2026/03/05 10:33:24 Failed to get updates, retrying in 3 seconds...
2026/03/05 10:33:30 Conflict: terminated by other getUpdates request; make sure that only one bot instance is running
2026/03/05 10:33:30 Failed to get updates, retrying in 3 seconds...
2026/03/05 10:33:36 Conflict: terminated by other getUpdates request; make sure that only one bot instance is running
2026/03/05 10:33:36 Failed to get updates, retrying in 3 seconds...
2026/03/05 10:33:42 Conflict: terminated by other getUpdates request; make sure that only one bot instance is running
2026/03/05 10:33:42 Failed to get updates, retrying in 3 seconds...
2026/03/05 10:33:48 Conflict: terminated by other getUpdates request; make sure that only one bot instance is running
2026/03/05 10:33:48 Failed to get updates, retrying in 3 seconds...
2026/03/05 10:33:54 Conflict: terminated by other getUpdates request; make sure that only one bot instance is running
2026/03/05 10:33:54 Failed to get updates, retrying in 3 seconds...
2026/03/05 10:34:00 Conflict: terminated by other getUpdates request; make sure that only one bot instance is running
2026/03/05 10:34:00 Failed to get updates, retrying in 3 seconds...
2026/03/05 10:34:06 Conflict: terminated by other getUpdates request; make sure that only one bot instance is running
2026/03/05 10:34:06 Failed to get updates, retrying in 3 seconds...
2026/03/05 10:34:12 Conflict: terminated by other getUpdates request; make sure that only one bot instance is running
2026/03/05 10:34:12 Failed to get updates, retrying in 3 seconds...
2026/03/05 10:34:18 Conflict: terminated by other getUpdates request; make sure that only one bot instance is running
2026/03/05 10:34:18 Failed to get updates, retrying in 3 seconds...
2026/03/05 10:34:24 Conflict: terminated by other getUpdates request; make sure that only one bot instance is running
2026/03/05 10:34:24 Failed to get updates, retrying in 3 seconds...
2026/03/05 10:34:30 Conflict: terminated by other getUpdates request; make sure that only one bot instance is running
2026/03/05 10:34:30 Failed to get updates, retrying in 3 seconds...
2026/03/05 10:34:36 Conflict: terminated by other getUpdates request; make sure that only one bot instance is running
2026/03/05 10:34:36 Failed to get updates, retrying in 3 seconds...
2026/03/05 10:34:42 Conflict: terminated by other getUpdates request; make sure that only one bot instance is running
2026/03/05 10:34:42 Failed to get updates, retrying in 3 seconds...
2026/03/05 10:34:48 Conflict: terminated by other getUpdates request; make sure that only one bot instance is running
2026/03/05 10:34:48 Failed to get updates, retrying in 3 seconds...
2026/03/05 10:34:54 Conflict: terminated by other getUpdates request; make sure that only one bot instance is running
2026/03/05 10:34:54 Failed to get updates, retrying in 3 seconds...
2026/03/05 10:35:00 Conflict: terminated by other getUpdates request; make sure that only one bot instance is running
2026/03/05 10:35:00 Failed to get updates, retrying in 3 seconds...
2026/03/05 10:35:06 Conflict: terminated by other getUpdates request; make sure that only one bot instance is running
2026/03/05 10:35:06 Failed to get updates, retrying in 3 seconds...
2026/03/05 10:35:12 Conflict: terminated by other getUpdates request; make sure that only one bot instance is running
2026/03/05 10:35:12 Failed to get updates, retrying in 3 seconds...
2026/03/05 10:35:18 Conflict: terminated by other getUpdates request; make sure that only one bot instance is running
2026/03/05 10:35:18 Failed to get updates, retrying in 3 seconds...
2026/03/05 10:35:24 Conflict: terminated by other getUpdates request; make sure that only one bot instance is running
2026/03/05 10:35:24 Failed to get updates, retrying in 3 seconds...
2026/03/05 10:35:30 Conflict: terminated by other getUpdates request; make sure that only one bot instance is running
2026/03/05 10:35:30 Failed to get updates, retrying in 3 seconds...
2026/03/05 10:35:36 Conflict: terminated by other getUpdates request; make sure that only one bot instance is running
2026/03/05 10:35:36 Failed to get updates, retrying in 3 seconds...
2026/03/05 10:35:42 Conflict: terminated by other getUpdates request; make sure that only one bot instance is running
2026/03/05 10:35:42 Failed to get updates, retrying in 3 seconds...
2026/03/05 10:35:48 Conflict: terminated by other getUpdates request; make sure that only one bot instance is running
2026/03/05 10:35:48 Failed to get updates, retrying in 3 seconds...
2026/03/05 10:35:54 Conflict: terminated by other getUpdates request; make sure that only one bot instance is running
2026/03/05 10:35:54 Failed to get updates, retrying in 3 seconds...
2026/03/05 10:36:00 Conflict: terminated by other getUpdates request; make sure that only one bot instance is running
2026/03/05 10:36:00 Failed to get updates, retrying in 3 seconds...
2026/03/05 10:36:06 Conflict: terminated by other getUpdates request; make sure that only one bot instance is running
2026/03/05 10:36:06 Failed to get updates, retrying in 3 seconds...
2026/03/05 10:36:12 Conflict: terminated by other getUpdates request; make sure that only one bot instance is running
2026/03/05 10:36:12 Failed to get updates, retrying in 3 seconds...
2026/03/05 10:36:18 Conflict: terminated by other getUpdates request; make sure that only one bot instance is running
2026/03/05 10:36:18 Failed to get updates, retrying in 3 seconds...
2026/03/05 10:36:24 Conflict: terminated by other getUpdates request; make sure that only one bot instance is running
2026/03/05 10:36:24 Failed to get updates, retrying in 3 seconds...
2026/03/05 10:36:30 Conflict: terminated by other getUpdates request; make sure that only one bot instance is running
2026/03/05 10:36:30 Failed to get updates, retrying in 3 seconds...
2026/03/05 10:36:36 Conflict: terminated by other getUpdates request; make sure that only one bot instance is running
2026/03/05 10:36:36 Failed to get updates, retrying in 3 seconds...
2026/03/05 10:36:42 Conflict: terminated by other getUpdates request; make sure that only one bot instance is running
2026/03/05 10:36:42 Failed to get updates, retrying in 3 seconds...
2026/03/05 10:36:48 Conflict: terminated by other getUpdates request; make sure that only one bot instance is running
2026/03/05 10:36:48 Failed to get updates, retrying in 3 seconds...
2026/03/05 10:36:54 Conflict: terminated by other getUpdates request; make sure that only one bot instance is running
2026/03/05 10:36:54 Failed to get updates, retrying in 3 seconds...
2026/03/05 10:37:00 Conflict: terminated by other getUpdates request; make sure that only one bot instance is running
2026/03/05 10:37:00 Failed to get updates, retrying in 3 seconds...
2026/03/05 10:37:06 Conflict: terminated by other getUpdates request; make sure that only one bot instance is running
2026/03/05 10:37:06 Failed to get updates, retrying in 3 seconds...
2026/03/05 10:37:12 Conflict: terminated by other getUpdates request; make sure that only one bot instance is running
2026/03/05 10:37:12 Failed to get updates, retrying in 3 seconds...
2026/03/05 10:37:18 Conflict: terminated by other getUpdates request; make sure that only one bot instance is running
2026/03/05 10:37:18 Failed to get updates, retrying in 3 seconds...
2026/03/05 10:37:24 Conflict: terminated by other getUpdates request; make sure that only one bot instance is running
2026/03/05 10:37:24 Failed to get updates, retrying in 3 seconds...
2026/03/05 10:37:30 Conflict: terminated by other getUpdates request; make sure that only one bot instance is running
2026/03/05 10:37:30 Failed to get updates, retrying in 3 seconds...
2026/03/05 10:37:36 Conflict: terminated by other getUpdates request; make sure that only one bot instance is running
2026/03/05 10:37:36 Failed to get updates, retrying in 3 seconds...
2026/03/05 10:37:42 Conflict: terminated by other getUpdates request; make sure that only one bot instance is running
2026/03/05 10:37:42 Failed to get updates, retrying in 3 seconds...
2026/03/05 10:37:48 Conflict: terminated by other getUpdates request; make sure that only one bot instance is running
2026/03/05 10:37:48 Failed to get updates, retrying in 3 seconds...
2026/03/05 10:37:54 Conflict: terminated by other getUpdates request; make sure that only one bot instance is running
2026/03/05 10:37:54 Failed to get updates, retrying in 3 seconds...
2026/03/05 10:38:00 Conflict: terminated by other getUpdates request; make sure that only one bot instance is running
2026/03/05 10:38:00 Failed to get updates, retrying in 3 seconds...
2026/03/05 10:38:06 Conflict: terminated by other getUpdates request; make sure that only one bot instance is running
2026/03/05 10:38:06 Failed to get updates, retrying in 3 seconds...
2026/03/05 10:38:12 Conflict: terminated by other getUpdates request; make sure that only one bot instance is running
2026/03/05 10:38:12 Failed to get updates, retrying in 3 seconds...
2026/03/05 10:38:18 Conflict: terminated by other getUpdates request; make sure that only one bot instance is running
2026/03/05 10:38:18 Failed to get updates, retrying in 3 seconds...
2026/03/05 10:38:24 Conflict: terminated by other getUpdates request; make sure that only one bot instance is running
2026/03/05 10:38:24 Failed to get updates, retrying in 3 seconds...
2026/03/05 10:38:30 Conflict: terminated by other getUpdates request; make sure that only one bot instance is running
2026/03/05 10:38:30 Failed to get updates, retrying in 3 seconds...
2026/03/05 10:38:36 Conflict: terminated by other getUpdates request; make sure that only one bot instance is running
2026/03/05 10:38:36 Failed to get updates, retrying in 3 seconds...
2026/03/05 10:38:42 Conflict: terminated by other getUpdates request; make sure that only one bot instance is running
2026/03/05 10:38:42 Failed to get updates, retrying in 3 seconds...
2026/03/05 10:38:48 Conflict: terminated by other getUpdates request; make sure that only one bot instance is running
2026/03/05 10:38:48 Failed to get updates, retrying in 3 seconds...
2026/03/05 10:38:54 Conflict: terminated by other getUpdates request; make sure that only one bot instance is running
2026/03/05 10:38:54 Failed to get updates, retrying in 3 seconds...
2026/03/05 10:39:00 Conflict: terminated by other getUpdates request; make sure that only one bot instance is running
2026/03/05 10:39:00 Failed to get updates, retrying in 3 seconds...
2026/03/05 10:39:06 Conflict: terminated by other getUpdates request; make sure that only one bot instance is running
2026/03/05 10:39:06 Failed to get updates, retrying in 3 seconds...
2026/03/05 10:39:12 Conflict: terminated by other getUpdates request; make sure that only one bot instance is running
2026/03/05 10:39:12 Failed to get updates, retrying in 3 seconds...
2026/03/05 10:39:18 Conflict: terminated by other getUpdates request; make sure that only one bot instance is running
2026/03/05 10:39:18 Failed to get updates, retrying in 3 seconds...
2026/03/05 10:39:24 Conflict: terminated by other getUpdates request; make sure that only one bot instance is running
2026/03/05 10:39:24 Failed to get updates, retrying in 3 seconds...
2026/03/05 10:39:30 Conflict: terminated by other getUpdates request; make sure that only one bot instance is running
2026/03/05 10:39:30 Failed to get updates, retrying in 3 seconds...
2026/03/05 10:39:36 Conflict: terminated by other getUpdates request; make sure that only one bot instance is running
2026/03/05 10:39:36 Failed to get updates, retrying in 3 seconds...
2026/03/05 10:39:42 Conflict: terminated by other getUpdates request; make sure that only one bot instance is running
2026/03/05 10:39:42 Failed to get updates, retrying in 3 seconds...
2026/03/05 10:39:48 Conflict: terminated by other getUpdates request; make sure that only one bot instance is running
2026/03/05 10:39:48 Failed to get updates, retrying in 3 seconds...
2026/03/05 10:39:54 Conflict: terminated by other getUpdates request; make sure that only one bot instance is running
2026/03/05 10:39:54 Failed to get updates, retrying in 3 seconds...
2026/03/05 10:40:00 Conflict: terminated by other getUpdates request; make sure that only one bot instance is running
2026/03/05 10:40:00 Failed to get updates, retrying in 3 seconds...
2026/03/05 10:40:06 Conflict: terminated by other getUpdates request; make sure that only one bot instance is running
2026/03/05 10:40:06 Failed to get updates, retrying in 3 seconds...
2026/03/05 10:40:12 Conflict: terminated by other getUpdates request; make sure that only one bot instance is running
2026/03/05 10:40:12 Failed to get updates, retrying in 3 seconds...
2026/03/05 10:40:18 Conflict: terminated by other getUpdates request; make sure that only one bot instance is running
2026/03/05 10:40:18 Failed to get updates, retrying in 3 seconds...
2026/03/05 10:40:24 Conflict: terminated by other getUpdates request; make sure that only one bot instance is running
2026/03/05 10:40:24 Failed to get updates, retrying in 3 seconds...
2026/03/05 10:40:30 Conflict: terminated by other getUpdates request; make sure that only one bot instance is running
2026/03/05 10:40:30 Failed to get updates, retrying in 3 seconds...
2026/03/05 10:40:36 Conflict: terminated by other getUpdates request; make sure that only one bot instance is running
2026/03/05 10:40:36 Failed to get updates, retrying in 3 seconds...
2026/03/05 10:40:42 Conflict: terminated by other getUpdates request; make sure that only one bot instance is running
2026/03/05 10:40:42 Failed to get updates, retrying in 3 seconds...
2026/03/05 10:40:49 Conflict: terminated by other getUpdates request; make sure that only one bot instance is running
2026/03/05 10:40:49 Failed to get updates, retrying in 3 seconds...
2026/03/05 10:40:55 Conflict: terminated by other getUpdates request; make sure that only one bot instance is running
2026/03/05 10:40:55 Failed to get updates, retrying in 3 seconds...
2026/03/05 10:41:01 Conflict: terminated by other getUpdates request; make sure that only one bot instance is running
2026/03/05 10:41:01 Failed to get updates, retrying in 3 seconds...
2026/03/05 10:41:07 Conflict: terminated by other getUpdates request; make sure that only one bot instance is running
2026/03/05 10:41:07 Failed to get updates, retrying in 3 seconds...
2026/03/05 10:41:13 Conflict: terminated by other getUpdates request; make sure that only one bot instance is running
2026/03/05 10:41:13 Failed to get updates, retrying in 3 seconds...
2026/03/05 10:41:19 Conflict: terminated by other getUpdates request; make sure that only one bot instance is running
2026/03/05 10:41:19 Failed to get updates, retrying in 3 seconds...
2026/03/05 10:41:25 Conflict: terminated by other getUpdates request; make sure that only one bot instance is running
2026/03/05 10:41:25 Failed to get updates, retrying in 3 seconds...
2026/03/05 10:41:31 Conflict: terminated by other getUpdates request; make sure that only one bot instance is running
2026/03/05 10:41:31 Failed to get updates, retrying in 3 seconds...
2026/03/05 10:41:37 Conflict: terminated by other getUpdates request; make sure that only one bot instance is running
2026/03/05 10:41:37 Failed to get updates, retrying in 3 seconds...
2026/03/05 10:41:43 Conflict: terminated by other getUpdates request; make sure that only one bot instance is running
2026/03/05 10:41:43 Failed to get updates, retrying in 3 seconds...
2026/03/05 10:41:49 Conflict: terminated by other getUpdates request; make sure that only one bot instance is running
2026/03/05 10:41:49 Failed to get updates, retrying in 3 seconds...
2026/03/05 10:41:55 Conflict: terminated by other getUpdates request; make sure that only one bot instance is running
2026/03/05 10:41:55 Failed to get updates, retrying in 3 seconds...
2026/03/05 10:42:01 Conflict: terminated by other getUpdates request; make sure that only one bot instance is running
2026/03/05 10:42:01 Failed to get updates, retrying in 3 seconds...
2026/03/05 10:42:07 Conflict: terminated by other getUpdates request; make sure that only one bot instance is running
2026/03/05 10:42:07 Failed to get updates, retrying in 3 seconds...
2026/03/05 10:42:13 Conflict: terminated by other getUpdates request; make sure that only one bot instance is running
2026/03/05 10:42:13 Failed to get updates, retrying in 3 seconds...
2026/03/05 10:42:19 Conflict: terminated by other getUpdates request; make sure that only one bot instance is running
2026/03/05 10:42:19 Failed to get updates, retrying in 3 seconds...
2026/03/05 10:42:25 Conflict: terminated by other getUpdates request; make sure that only one bot instance is running
2026/03/05 10:42:25 Failed to get updates, retrying in 3 seconds...
2026/03/05 10:42:31 Conflict: terminated by other getUpdates request; make sure that only one bot instance is running
2026/03/05 10:42:31 Failed to get updates, retrying in 3 seconds...
2026/03/05 10:42:37 Conflict: terminated by other getUpdates request; make sure that only one bot instance is running
2026/03/05 10:42:37 Failed to get updates, retrying in 3 seconds...
2026/03/05 10:42:43 Conflict: terminated by other getUpdates request; make sure that only one bot instance is running
2026/03/05 10:42:43 Failed to get updates, retrying in 3 seconds...
2026/03/05 10:42:49 Conflict: terminated by other getUpdates request; make sure that only one bot instance is running
2026/03/05 10:42:49 Failed to get updates, retrying in 3 seconds...
2026/03/05 10:42:55 Conflict: terminated by other getUpdates request; make sure that only one bot instance is running
2026/03/05 10:42:55 Failed to get updates, retrying in 3 seconds...
2026/03/05 10:43:01 Conflict: terminated by other getUpdates request; make sure that only one bot instance is running
2026/03/05 10:43:01 Failed to get updates, retrying in 3 seconds...
2026/03/05 10:43:07 Conflict: terminated by other getUpdates request; make sure that only one bot instance is running
2026/03/05 10:43:07 Failed to get updates, retrying in 3 seconds...
2026/03/05 10:43:13 Conflict: terminated by other getUpdates request; make sure that only one bot instance is running
2026/03/05 10:43:13 Failed to get updates, retrying in 3 seconds...
2026/03/05 10:43:19 Conflict: terminated by other getUpdates request; make sure that only one bot instance is running
2026/03/05 10:43:19 Failed to get updates, retrying in 3 seconds...
2026/03/05 10:43:25 Conflict: terminated by other getUpdates request; make sure that only one bot instance is running
2026/03/05 10:43:25 Failed to get updates, retrying in 3 seconds...
2026/03/05 10:43:31 Conflict: terminated by other getUpdates request; make sure that only one bot instance is running
2026/03/05 10:43:31 Failed to get updates, retrying in 3 seconds...
2026/03/05 10:43:37 Conflict: terminated by other getUpdates request; make sure that only one bot instance is running
2026/03/05 10:43:37 Failed to get updates, retrying in 3 seconds...
2026/03/05 10:43:43 Conflict: terminated by other getUpdates request; make sure that only one bot instance is running
2026/03/05 10:43:43 Failed to get updates, retrying in 3 seconds...
2026/03/05 10:43:49 Conflict: terminated by other getUpdates request; make sure that only one bot instance is running
2026/03/05 10:43:49 Failed to get updates, retrying in 3 seconds...
2026/03/05 10:43:55 Conflict: terminated by other getUpdates request; make sure that only one bot instance is running
2026/03/05 10:43:55 Failed to get updates, retrying in 3 seconds...
2026/03/05 10:44:01 Conflict: terminated by other getUpdates request; make sure that only one bot instance is running
2026/03/05 10:44:01 Failed to get updates, retrying in 3 seconds...
2026/03/05 10:44:07 Conflict: terminated by other getUpdates request; make sure that only one bot instance is running
2026/03/05 10:44:07 Failed to get updates, retrying in 3 seconds...
2026/03/05 10:44:13 Conflict: terminated by other getUpdates request; make sure that only one bot instance is running
2026/03/05 10:44:13 Failed to get updates, retrying in 3 seconds...
2026/03/05 10:44:19 Conflict: terminated by other getUpdates request; make sure that only one bot instance is running
2026/03/05 10:44:19 Failed to get updates, retrying in 3 seconds...
2026/03/05 10:44:25 Conflict: terminated by other getUpdates request; make sure that only one bot instance is running
2026/03/05 10:44:25 Failed to get updates, retrying in 3 seconds...
2026/03/05 10:44:31 Conflict: terminated by other getUpdates request; make sure that only one bot instance is running
2026/03/05 10:44:31 Failed to get updates, retrying in 3 seconds...
2026/03/05 10:44:37 Conflict: terminated by other getUpdates request; make sure that only one bot instance is running
2026/03/05 10:44:37 Failed to get updates, retrying in 3 seconds...
2026/03/05 10:44:43 Conflict: terminated by other getUpdates request; make sure that only one bot instance is running
2026/03/05 10:44:43 Failed to get updates, retrying in 3 seconds...
2026/03/05 10:44:49 Conflict: terminated by other getUpdates request; make sure that only one bot instance is running
2026/03/05 10:44:49 Failed to get updates, retrying in 3 seconds...
2026/03/05 10:44:55 Conflict: terminated by other getUpdates request; make sure that only one bot instance is running
2026/03/05 10:44:55 Failed to get updates, retrying in 3 seconds...
2026/03/05 10:45:01 Conflict: terminated by other getUpdates request; make sure that only one bot instance is running
2026/03/05 10:45:01 Failed to get updates, retrying in 3 seconds...
2026/03/05 10:45:07 Conflict: terminated by other getUpdates request; make sure that only one bot instance is running
2026/03/05 10:45:07 Failed to get updates, retrying in 3 seconds...
2026/03/05 10:45:13 Conflict: terminated by other getUpdates request; make sure that only one bot instance is running
2026/03/05 10:45:13 Failed to get updates, retrying in 3 seconds...
2026/03/05 10:45:19 Conflict: terminated by other getUpdates request; make sure that only one bot instance is running
2026/03/05 10:45:19 Failed to get updates, retrying in 3 seconds...
2026/03/05 10:45:25 Conflict: terminated by other getUpdates request; make sure that only one bot instance is running
2026/03/05 10:45:25 Failed to get updates, retrying in 3 seconds...
2026/03/05 10:45:31 Conflict: terminated by other getUpdates request; make sure that only one bot instance is running
2026/03/05 10:45:31 Failed to get updates, retrying in 3 seconds...
2026/03/05 10:45:37 Conflict: terminated by other getUpdates request; make sure that only one bot instance is running
2026/03/05 10:45:37 Failed to get updates, retrying in 3 seconds...
2026/03/05 10:45:43 Conflict: terminated by other getUpdates request; make sure that only one bot instance is running
2026/03/05 10:45:43 Failed to get updates, retrying in 3 seconds...
2026/03/05 10:45:49 Conflict: terminated by other getUpdates request; make sure that only one bot instance is running
2026/03/05 10:45:49 Failed to get updates, retrying in 3 seconds...
2026/03/05 10:45:55 Conflict: terminated by other getUpdates request; make sure that only one bot instance is running
2026/03/05 10:45:55 Failed to get updates, retrying in 3 seconds...
2026/03/05 10:46:01 Conflict: terminated by other getUpdates request; make sure that only one bot instance is running
2026/03/05 10:46:01 Failed to get updates, retrying in 3 seconds...
2026/03/05 10:46:07 Conflict: terminated by other getUpdates request; make sure that only one bot instance is running
2026/03/05 10:46:07 Failed to get updates, retrying in 3 seconds...
2026/03/05 10:46:13 Conflict: terminated by other getUpdates request; make sure that only one bot instance is running
2026/03/05 10:46:13 Failed to get updates, retrying in 3 seconds...
2026/03/05 10:46:19 Conflict: terminated by other getUpdates request; make sure that only one bot instance is running
2026/03/05 10:46:19 Failed to get updates, retrying in 3 seconds...
2026/03/05 10:46:25 Conflict: terminated by other getUpdates request; make sure that only one bot instance is running
2026/03/05 10:46:25 Failed to get updates, retrying in 3 seconds...
2026/03/05 10:46:31 Conflict: terminated by other getUpdates request; make sure that only one bot instance is running
2026/03/05 10:46:31 Failed to get updates, retrying in 3 seconds...
2026/03/05 10:46:37 Conflict: terminated by other getUpdates request; make sure that only one bot instance is running
2026/03/05 10:46:37 Failed to get updates, retrying in 3 seconds...
2026/03/05 10:46:43 Conflict: terminated by other getUpdates request; make sure that only one bot instance is running
2026/03/05 10:46:43 Failed to get updates, retrying in 3 seconds...
2026/03/05 10:46:49 Conflict: terminated by other getUpdates request; make sure that only one bot instance is running
2026/03/05 10:46:49 Failed to get updates, retrying in 3 seconds...
2026/03/05 10:46:55 Conflict: terminated by other getUpdates request; make sure that only one bot instance is running
2026/03/05 10:46:55 Failed to get updates, retrying in 3 seconds...
2026/03/05 10:47:01 Conflict: terminated by other getUpdates request; make sure that only one bot instance is running
2026/03/05 10:47:01 Failed to get updates, retrying in 3 seconds...
2026/03/05 10:47:07 Conflict: terminated by other getUpdates request; make sure that only one bot instance is running
2026/03/05 10:47:07 Failed to get updates, retrying in 3 seconds...
2026/03/05 10:47:13 Conflict: terminated by other getUpdates request; make sure that only one bot instance is running
2026/03/05 10:47:13 Failed to get updates, retrying in 3 seconds...
2026/03/05 10:47:19 Conflict: terminated by other getUpdates request; make sure that only one bot instance is running
2026/03/05 10:47:19 Failed to get updates, retrying in 3 seconds...
2026/03/05 10:47:25 Conflict: terminated by other getUpdates request; make sure that only one bot instance is running
2026/03/05 10:47:25 Failed to get updates, retrying in 3 seconds...
2026/03/05 10:47:31 Conflict: terminated by other getUpdates request; make sure that only one bot instance is running
2026/03/05 10:47:31 Failed to get updates, retrying in 3 seconds...
2026/03/05 10:47:37 Conflict: terminated by other getUpdates request; make sure that only one bot instance is running
2026/03/05 10:47:37 Failed to get updates, retrying in 3 seconds...
2026/03/05 10:47:43 Conflict: terminated by other getUpdates request; make sure that only one bot instance is running
2026/03/05 10:47:43 Failed to get updates, retrying in 3 seconds...
2026/03/05 10:47:49 Conflict: terminated by other getUpdates request; make sure that only one bot instance is running
2026/03/05 10:47:49 Failed to get updates, retrying in 3 seconds...
2026/03/05 10:47:55 Conflict: terminated by other getUpdates request; make sure that only one bot instance is running
2026/03/05 10:47:55 Failed to get updates, retrying in 3 seconds...
2026/03/05 10:48:01 Conflict: terminated by other getUpdates request; make sure that only one bot instance is running
2026/03/05 10:48:01 Failed to get updates, retrying in 3 seconds...
2026/03/05 10:48:07 Conflict: terminated by other getUpdates request; make sure that only one bot instance is running
2026/03/05 10:48:07 Failed to get updates, retrying in 3 seconds...
2026/03/05 10:48:13 Conflict: terminated by other getUpdates request; make sure that only one bot instance is running
2026/03/05 10:48:13 Failed to get updates, retrying in 3 seconds...
2026/03/05 10:48:19 Conflict: terminated by other getUpdates request; make sure that only one bot instance is running
2026/03/05 10:48:19 Failed to get updates, retrying in 3 seconds...
2026/03/05 10:48:25 Conflict: terminated by other getUpdates request; make sure that only one bot instance is running
2026/03/05 10:48:25 Failed to get updates, retrying in 3 seconds...
2026/03/05 10:48:31 Conflict: terminated by other getUpdates request; make sure that only one bot instance is running
2026/03/05 10:48:31 Failed to get updates, retrying in 3 seconds...
2026/03/05 10:48:37 Conflict: terminated by other getUpdates request; make sure that only one bot instance is running
2026/03/05 10:48:37 Failed to get updates, retrying in 3 seconds...
2026/03/05 10:48:43 Conflict: terminated by other getUpdates request; make sure that only one bot instance is running
2026/03/05 10:48:43 Failed to get updates, retrying in 3 seconds...
2026/03/05 10:48:49 Conflict: terminated by other getUpdates request; make sure that only one bot instance is running
2026/03/05 10:48:49 Failed to get updates, retrying in 3 seconds...
2026/03/05 10:48:55 Conflict: terminated by other getUpdates request; make sure that only one bot instance is running
2026/03/05 10:48:55 Failed to get updates, retrying in 3 seconds...
2026/03/05 10:49:01 Conflict: terminated by other getUpdates request; make sure that only one bot instance is running
2026/03/05 10:49:01 Failed to get updates, retrying in 3 seconds...
2026/03/05 10:49:07 Conflict: terminated by other getUpdates request; make sure that only one bot instance is running
2026/03/05 10:49:07 Failed to get updates, retrying in 3 seconds...
2026/03/05 10:49:13 Conflict: terminated by other getUpdates request; make sure that only one bot instance is running
2026/03/05 10:49:13 Failed to get updates, retrying in 3 seconds...
2026/03/05 10:49:19 Conflict: terminated by other getUpdates request; make sure that only one bot instance is running
2026/03/05 10:49:19 Failed to get updates, retrying in 3 seconds...
2026/03/05 10:49:25 Conflict: terminated by other getUpdates request; make sure that only one bot instance is running
2026/03/05 10:49:25 Failed to get updates, retrying in 3 seconds...
2026/03/05 10:49:31 Conflict: terminated by other getUpdates request; make sure that only one bot instance is running
2026/03/05 10:49:31 Failed to get updates, retrying in 3 seconds...
2026/03/05 10:49:37 Conflict: terminated by other getUpdates request; make sure that only one bot instance is running
2026/03/05 10:49:37 Failed to get updates, retrying in 3 seconds...
2026/03/05 10:49:43 Conflict: terminated by other getUpdates request; make sure that only one bot instance is running
2026/03/05 10:49:43 Failed to get updates, retrying in 3 seconds...
2026/03/05 10:49:49 Conflict: terminated by other getUpdates request; make sure that only one bot instance is running
2026/03/05 10:49:49 Failed to get updates, retrying in 3 seconds...
2026/03/05 10:49:55 Conflict: terminated by other getUpdates request; make sure that only one bot instance is running
2026/03/05 10:49:55 Failed to get updates, retrying in 3 seconds...
2026/03/05 10:50:01 Conflict: terminated by other getUpdates request; make sure that only one bot instance is running
2026/03/05 10:50:01 Failed to get updates, retrying in 3 seconds...
2026/03/05 10:50:07 Conflict: terminated by other getUpdates request; make sure that only one bot instance is running
2026/03/05 10:50:07 Failed to get updates, retrying in 3 seconds...
2026/03/05 10:50:13 Conflict: terminated by other getUpdates request; make sure that only one bot instance is running
2026/03/05 10:50:13 Failed to get updates, retrying in 3 seconds...
2026/03/05 10:50:19 Conflict: terminated by other getUpdates request; make sure that only one bot instance is running
2026/03/05 10:50:19 Failed to get updates, retrying in 3 seconds...
2026/03/05 10:50:25 Conflict: terminated by other getUpdates request; make sure that only one bot instance is running
2026/03/05 10:50:25 Failed to get updates, retrying in 3 seconds...
2026/03/05 10:50:31 Conflict: terminated by other getUpdates request; make sure that only one bot instance is running
2026/03/05 10:50:31 Failed to get updates, retrying in 3 seconds...
2026/03/05 10:50:37 Conflict: terminated by other getUpdates request; make sure that only one bot instance is running
2026/03/05 10:50:37 Failed to get updates, retrying in 3 seconds...
2026/03/05 10:50:43 Conflict: terminated by other getUpdates request; make sure that only one bot instance is running
2026/03/05 10:50:43 Failed to get updates, retrying in 3 seconds...
2026/03/05 10:50:49 Conflict: terminated by other getUpdates request; make sure that only one bot instance is running
2026/03/05 10:50:49 Failed to get updates, retrying in 3 seconds...
2026/03/05 10:50:55 Conflict: terminated by other getUpdates request; make sure that only one bot instance is running
2026/03/05 10:50:55 Failed to get updates, retrying in 3 seconds...
2026/03/05 10:51:01 Conflict: terminated by other getUpdates request; make sure that only one bot instance is running
2026/03/05 10:51:01 Failed to get updates, retrying in 3 seconds...
2026/03/05 10:51:07 Conflict: terminated by other getUpdates request; make sure that only one bot instance is running
2026/03/05 10:51:07 Failed to get updates, retrying in 3 seconds...
2026/03/05 10:51:13 Conflict: terminated by other getUpdates request; make sure that only one bot instance is running
2026/03/05 10:51:13 Failed to get updates, retrying in 3 seconds...
2026/03/05 10:51:19 Conflict: terminated by other getUpdates request; make sure that only one bot instance is running
2026/03/05 10:51:19 Failed to get updates, retrying in 3 seconds...
2026/03/05 10:51:25 Conflict: terminated by other getUpdates request; make sure that only one bot instance is running
2026/03/05 10:51:25 Failed to get updates, retrying in 3 seconds...
2026/03/05 10:51:31 Conflict: terminated by other getUpdates request; make sure that only one bot instance is running
2026/03/05 10:51:31 Failed to get updates, retrying in 3 seconds...
2026/03/05 10:51:37 Conflict: terminated by other getUpdates request; make sure that only one bot instance is running
2026/03/05 10:51:37 Failed to get updates, retrying in 3 seconds...
2026/03/05 10:51:43 Conflict: terminated by other getUpdates request; make sure that only one bot instance is running
2026/03/05 10:51:43 Failed to get updates, retrying in 3 seconds...
2026/03/05 10:51:49 Conflict: terminated by other getUpdates request; make sure that only one bot instance is running
2026/03/05 10:51:49 Failed to get updates, retrying in 3 seconds...
2026/03/05 10:51:55 Conflict: terminated by other getUpdates request; make sure that only one bot instance is running
2026/03/05 10:51:55 Failed to get updates, retrying in 3 seconds...
2026/03/05 10:52:01 Conflict: terminated by other getUpdates request; make sure that only one bot instance is running
2026/03/05 10:52:01 Failed to get updates, retrying in 3 seconds...
2026/03/05 10:52:07 Conflict: terminated by other getUpdates request; make sure that only one bot instance is running
2026/03/05 10:52:07 Failed to get updates, retrying in 3 seconds...
2026/03/05 10:52:13 Conflict: terminated by other getUpdates request; make sure that only one bot instance is running
2026/03/05 10:52:13 Failed to get updates, retrying in 3 seconds...
2026/03/05 10:52:19 Conflict: terminated by other getUpdates request; make sure that only one bot instance is running
2026/03/05 10:52:19 Failed to get updates, retrying in 3 seconds...
2026/03/05 10:52:25 Conflict: terminated by other getUpdates request; make sure that only one bot instance is running
2026/03/05 10:52:25 Failed to get updates, retrying in 3 seconds...
2026/03/05 10:52:31 Conflict: terminated by other getUpdates request; make sure that only one bot instance is running
2026/03/05 10:52:31 Failed to get updates, retrying in 3 seconds...
2026/03/05 10:52:37 Conflict: terminated by other getUpdates request; make sure that only one bot instance is running
2026/03/05 10:52:37 Failed to get updates, retrying in 3 seconds...
2026/03/05 10:52:43 Conflict: terminated by other getUpdates request; make sure that only one bot instance is running
2026/03/05 10:52:43 Failed to get updates, retrying in 3 seconds...
2026/03/05 10:52:49 Conflict: terminated by other getUpdates request; make sure that only one bot instance is running
2026/03/05 10:52:49 Failed to get updates, retrying in 3 seconds...
2026/03/05 10:52:55 Conflict: terminated by other getUpdates request; make sure that only one bot instance is running
2026/03/05 10:52:55 Failed to get updates, retrying in 3 seconds...
2026/03/05 10:53:01 Conflict: terminated by other getUpdates request; make sure that only one bot instance is running
2026/03/05 10:53:01 Failed to get updates, retrying in 3 seconds...
2026/03/05 10:53:07 Conflict: terminated by other getUpdates request; make sure that only one bot instance is running
2026/03/05 10:53:07 Failed to get updates, retrying in 3 seconds...
2026/03/05 10:53:13 Conflict: terminated by other getUpdates request; make sure that only one bot instance is running
2026/03/05 10:53:13 Failed to get updates, retrying in 3 seconds...
2026/03/05 10:53:19 Conflict: terminated by other getUpdates request; make sure that only one bot instance is running
2026/03/05 10:53:19 Failed to get updates, retrying in 3 seconds...
2026/03/05 10:53:25 Conflict: terminated by other getUpdates request; make sure that only one bot instance is running
2026/03/05 10:53:25 Failed to get updates, retrying in 3 seconds...
2026/03/05 10:53:31 Conflict: terminated by other getUpdates request; make sure that only one bot instance is running
2026/03/05 10:53:31 Failed to get updates, retrying in 3 seconds...
2026/03/05 10:53:37 Conflict: terminated by other getUpdates request; make sure that only one bot instance is running
2026/03/05 10:53:37 Failed to get updates, retrying in 3 seconds...
2026/03/05 10:53:43 Conflict: terminated by other getUpdates request; make sure that only one bot instance is running
2026/03/05 10:53:43 Failed to get updates, retrying in 3 seconds...
2026/03/05 10:53:49 Conflict: terminated by other getUpdates request; make sure that only one bot instance is running
2026/03/05 10:53:49 Failed to get updates, retrying in 3 seconds...
2026/03/05 10:53:55 Conflict: terminated by other getUpdates request; make sure that only one bot instance is running
2026/03/05 10:53:55 Failed to get updates, retrying in 3 seconds...
2026/03/05 10:54:01 Conflict: terminated by other getUpdates request; make sure that only one bot instance is running
2026/03/05 10:54:01 Failed to get updates, retrying in 3 seconds...
2026/03/05 10:54:07 Conflict: terminated by other getUpdates request; make sure that only one bot instance is running
2026/03/05 10:54:07 Failed to get updates, retrying in 3 seconds...
2026/03/05 10:54:13 Conflict: terminated by other getUpdates request; make sure that only one bot instance is running
2026/03/05 10:54:13 Failed to get updates, retrying in 3 seconds...
2026/03/05 10:54:19 Conflict: terminated by other getUpdates request; make sure that only one bot instance is running
2026/03/05 10:54:19 Failed to get updates, retrying in 3 seconds...
2026/03/05 10:54:25 Conflict: terminated by other getUpdates request; make sure that only one bot instance is running
2026/03/05 10:54:25 Failed to get updates, retrying in 3 seconds...
2026/03/05 10:54:31 Conflict: terminated by other getUpdates request; make sure that only one bot instance is running
2026/03/05 10:54:31 Failed to get updates, retrying in 3 seconds...
2026/03/05 10:54:37 Conflict: terminated by other getUpdates request; make sure that only one bot instance is running
2026/03/05 10:54:37 Failed to get updates, retrying in 3 seconds...
2026/03/05 10:54:44 Conflict: terminated by other getUpdates request; make sure that only one bot instance is running
2026/03/05 10:54:44 Failed to get updates, retrying in 3 seconds...
2026/03/05 10:54:50 Conflict: terminated by other getUpdates request; make sure that only one bot instance is running
2026/03/05 10:54:50 Failed to get updates, retrying in 3 seconds...
2026/03/05 10:54:56 Conflict: terminated by other getUpdates request; make sure that only one bot instance is running
2026/03/05 10:54:56 Failed to get updates, retrying in 3 seconds...
2026/03/05 10:55:02 Conflict: terminated by other getUpdates request; make sure that only one bot instance is running
2026/03/05 10:55:02 Failed to get updates, retrying in 3 seconds...
2026/03/05 10:55:08 Conflict: terminated by other getUpdates request; make sure that only one bot instance is running
2026/03/05 10:55:08 Failed to get updates, retrying in 3 seconds...
2026/03/05 10:55:14 Conflict: terminated by other getUpdates request; make sure that only one bot instance is running
2026/03/05 10:55:14 Failed to get updates, retrying in 3 seconds...
2026/03/05 10:55:20 Conflict: terminated by other getUpdates request; make sure that only one bot instance is running
2026/03/05 10:55:20 Failed to get updates, retrying in 3 seconds...
2026/03/05 10:55:26 Conflict: terminated by other getUpdates request; make sure that only one bot instance is running
2026/03/05 10:55:26 Failed to get updates, retrying in 3 seconds...
2026/03/05 10:55:32 Conflict: terminated by other getUpdates request; make sure that only one bot instance is running
2026/03/05 10:55:32 Failed to get updates, retrying in 3 seconds...
2026/03/05 10:55:38 Conflict: terminated by other getUpdates request; make sure that only one bot instance is running
2026/03/05 10:55:38 Failed to get updates, retrying in 3 seconds...
2026/03/05 10:55:44 Conflict: terminated by other getUpdates request; make sure that only one bot instance is running
2026/03/05 10:55:44 Failed to get updates, retrying in 3 seconds...
2026/03/05 10:55:50 Conflict: terminated by other getUpdates request; make sure that only one bot instance is running
2026/03/05 10:55:50 Failed to get updates, retrying in 3 seconds...
2026/03/05 10:55:56 Conflict: terminated by other getUpdates request; make sure that only one bot instance is running
2026/03/05 10:55:56 Failed to get updates, retrying in 3 seconds...
2026/03/05 10:56:02 Conflict: terminated by other getUpdates request; make sure that only one bot instance is running
2026/03/05 10:56:02 Failed to get updates, retrying in 3 seconds...
2026/03/05 10:56:08 Conflict: terminated by other getUpdates request; make sure that only one bot instance is running
2026/03/05 10:56:08 Failed to get updates, retrying in 3 seconds...
2026/03/05 10:56:14 Conflict: terminated by other getUpdates request; make sure that only one bot instance is running
2026/03/05 10:56:14 Failed to get updates, retrying in 3 seconds...
2026/03/05 10:56:20 Conflict: terminated by other getUpdates request; make sure that only one bot instance is running
2026/03/05 10:56:20 Failed to get updates, retrying in 3 seconds...
2026/03/05 10:56:26 Conflict: terminated by other getUpdates request; make sure that only one bot instance is running
2026/03/05 10:56:26 Failed to get updates, retrying in 3 seconds...
2026/03/05 10:56:32 Conflict: terminated by other getUpdates request; make sure that only one bot instance is running
2026/03/05 10:56:32 Failed to get updates, retrying in 3 seconds...
2026/03/05 10:56:38 Conflict: terminated by other getUpdates request; make sure that only one bot instance is running
2026/03/05 10:56:38 Failed to get updates, retrying in 3 seconds...
2026/03/05 10:56:44 Conflict: terminated by other getUpdates request; make sure that only one bot instance is running
2026/03/05 10:56:44 Failed to get updates, retrying in 3 seconds...
2026/03/05 10:56:50 Conflict: terminated by other getUpdates request; make sure that only one bot instance is running
2026/03/05 10:56:50 Failed to get updates, retrying in 3 seconds...
2026/03/05 10:56:56 Conflict: terminated by other getUpdates request; make sure that only one bot instance is running
2026/03/05 10:56:56 Failed to get updates, retrying in 3 seconds...
2026/03/05 10:57:02 Conflict: terminated by other getUpdates request; make sure that only one bot instance is running
2026/03/05 10:57:02 Failed to get updates, retrying in 3 seconds...
2026/03/05 10:57:08 Conflict: terminated by other getUpdates request; make sure that only one bot instance is running
2026/03/05 10:57:08 Failed to get updates, retrying in 3 seconds...
2026/03/05 10:57:14 Conflict: terminated by other getUpdates request; make sure that only one bot instance is running
2026/03/05 10:57:14 Failed to get updates, retrying in 3 seconds...
2026/03/05 10:57:20 Conflict: terminated by other getUpdates request; make sure that only one bot instance is running
2026/03/05 10:57:20 Failed to get updates, retrying in 3 seconds...
2026/03/05 10:57:26 Conflict: terminated by other getUpdates request; make sure that only one bot instance is running
2026/03/05 10:57:26 Failed to get updates, retrying in 3 seconds...
2026/03/05 10:57:32 Conflict: terminated by other getUpdates request; make sure that only one bot instance is running
2026/03/05 10:57:32 Failed to get updates, retrying in 3 seconds...
2026/03/05 10:57:38 Conflict: terminated by other getUpdates request; make sure that only one bot instance is running
2026/03/05 10:57:38 Failed to get updates, retrying in 3 seconds...
2026/03/05 10:57:44 Conflict: terminated by other getUpdates request; make sure that only one bot instance is running
2026/03/05 10:57:44 Failed to get updates, retrying in 3 seconds...
2026/03/05 10:57:50 Conflict: terminated by other getUpdates request; make sure that only one bot instance is running
2026/03/05 10:57:50 Failed to get updates, retrying in 3 seconds...
2026/03/05 10:57:56 Conflict: terminated by other getUpdates request; make sure that only one bot instance is running
2026/03/05 10:57:56 Failed to get updates, retrying in 3 seconds...
2026/03/05 10:58:02 Conflict: terminated by other getUpdates request; make sure that only one bot instance is running
2026/03/05 10:58:02 Failed to get updates, retrying in 3 seconds...
2026/03/05 10:58:08 Conflict: terminated by other getUpdates request; make sure that only one bot instance is running
2026/03/05 10:58:08 Failed to get updates, retrying in 3 seconds...
2026/03/05 10:58:14 Conflict: terminated by other getUpdates request; make sure that only one bot instance is running
2026/03/05 10:58:14 Failed to get updates, retrying in 3 seconds...
2026/03/05 10:58:20 Conflict: terminated by other getUpdates request; make sure that only one bot instance is running
2026/03/05 10:58:20 Failed to get updates, retrying in 3 seconds...
2026/03/05 10:58:26 Conflict: terminated by other getUpdates request; make sure that only one bot instance is running
2026/03/05 10:58:26 Failed to get updates, retrying in 3 seconds...
2026/03/05 10:58:32 Conflict: terminated by other getUpdates request; make sure that only one bot instance is running
2026/03/05 10:58:32 Failed to get updates, retrying in 3 seconds...
2026/03/05 10:58:38 Conflict: terminated by other getUpdates request; make sure that only one bot instance is running
2026/03/05 10:58:38 Failed to get updates, retrying in 3 seconds...
2026/03/05 10:58:44 Conflict: terminated by other getUpdates request; make sure that only one bot instance is running
2026/03/05 10:58:44 Failed to get updates, retrying in 3 seconds...
2026/03/05 10:58:50 Conflict: terminated by other getUpdates request; make sure that only one bot instance is running
2026/03/05 10:58:50 Failed to get updates, retrying in 3 seconds...
2026/03/05 10:58:56 Conflict: terminated by other getUpdates request; make sure that only one bot instance is running
2026/03/05 10:58:56 Failed to get updates, retrying in 3 seconds...
2026/03/05 10:59:02 Conflict: terminated by other getUpdates request; make sure that only one bot instance is running
2026/03/05 10:59:02 Failed to get updates, retrying in 3 seconds...
2026/03/05 10:59:08 Conflict: terminated by other getUpdates request; make sure that only one bot instance is running
2026/03/05 10:59:08 Failed to get updates, retrying in 3 seconds...
2026/03/05 10:59:14 Conflict: terminated by other getUpdates request; make sure that only one bot instance is running
2026/03/05 10:59:14 Failed to get updates, retrying in 3 seconds...
2026/03/05 10:59:20 Conflict: terminated by other getUpdates request; make sure that only one bot instance is running
2026/03/05 10:59:20 Failed to get updates, retrying in 3 seconds...
2026/03/05 10:59:26 Conflict: terminated by other getUpdates request; make sure that only one bot instance is running
2026/03/05 10:59:26 Failed to get updates, retrying in 3 seconds...
2026/03/05 10:59:32 Conflict: terminated by other getUpdates request; make sure that only one bot instance is running
2026/03/05 10:59:32 Failed to get updates, retrying in 3 seconds...
2026/03/05 10:59:38 Conflict: terminated by other getUpdates request; make sure that only one bot instance is running
2026/03/05 10:59:38 Failed to get updates, retrying in 3 seconds...
2026/03/05 10:59:44 Conflict: terminated by other getUpdates request; make sure that only one bot instance is running
2026/03/05 10:59:44 Failed to get updates, retrying in 3 seconds...
2026/03/05 10:59:50 Conflict: terminated by other getUpdates request; make sure that only one bot instance is running
2026/03/05 10:59:50 Failed to get updates, retrying in 3 seconds...
2026/03/05 10:59:56 Conflict: terminated by other getUpdates request; make sure that only one bot instance is running
2026/03/05 10:59:56 Failed to get updates, retrying in 3 seconds...
2026/03/05 11:00:02 Conflict: terminated by other getUpdates request; make sure that only one bot instance is running
2026/03/05 11:00:02 Failed to get updates, retrying in 3 seconds...
2026/03/05 11:00:08 Conflict: terminated by other getUpdates request; make sure that only one bot instance is running
2026/03/05 11:00:08 Failed to get updates, retrying in 3 seconds...
2026/03/05 11:00:14 Conflict: terminated by other getUpdates request; make sure that only one bot instance is running
2026/03/05 11:00:14 Failed to get updates, retrying in 3 seconds...
2026/03/05 11:00:20 Conflict: terminated by other getUpdates request; make sure that only one bot instance is running
2026/03/05 11:00:20 Failed to get updates, retrying in 3 seconds...
2026/03/05 11:00:26 Conflict: terminated by other getUpdates request; make sure that only one bot instance is running
2026/03/05 11:00:26 Failed to get updates, retrying in 3 seconds...
2026/03/05 11:00:32 Conflict: terminated by other getUpdates request; make sure that only one bot instance is running
2026/03/05 11:00:32 Failed to get updates, retrying in 3 seconds...
2026/03/05 11:00:38 Conflict: terminated by other getUpdates request; make sure that only one bot instance is running
2026/03/05 11:00:38 Failed to get updates, retrying in 3 seconds...
2026/03/05 11:00:44 Conflict: terminated by other getUpdates request; make sure that only one bot instance is running
2026/03/05 11:00:44 Failed to get updates, retrying in 3 seconds...
2026/03/05 11:00:50 Conflict: terminated by other getUpdates request; make sure that only one bot instance is running
2026/03/05 11:00:50 Failed to get updates, retrying in 3 seconds...
2026/03/05 11:00:56 Conflict: terminated by other getUpdates request; make sure that only one bot instance is running
2026/03/05 11:00:56 Failed to get updates, retrying in 3 seconds...
2026/03/05 11:01:02 Conflict: terminated by other getUpdates request; make sure that only one bot instance is running
2026/03/05 11:01:02 Failed to get updates, retrying in 3 seconds...
2026/03/05 11:01:08 Conflict: terminated by other getUpdates request; make sure that only one bot instance is running
2026/03/05 11:01:08 Failed to get updates, retrying in 3 seconds...
2026/03/05 11:01:14 Conflict: terminated by other getUpdates request; make sure that only one bot instance is running
2026/03/05 11:01:14 Failed to get updates, retrying in 3 seconds...
2026/03/05 11:01:20 Conflict: terminated by other getUpdates request; make sure that only one bot instance is running
2026/03/05 11:01:20 Failed to get updates, retrying in 3 seconds...
2026/03/05 11:01:26 Conflict: terminated by other getUpdates request; make sure that only one bot instance is running
2026/03/05 11:01:26 Failed to get updates, retrying in 3 seconds...
2026/03/05 11:01:32 Conflict: terminated by other getUpdates request; make sure that only one bot instance is running
2026/03/05 11:01:32 Failed to get updates, retrying in 3 seconds...
2026/03/05 11:01:38 Conflict: terminated by other getUpdates request; make sure that only one bot instance is running
2026/03/05 11:01:38 Failed to get updates, retrying in 3 seconds...
2026/03/05 11:01:44 Conflict: terminated by other getUpdates request; make sure that only one bot instance is running
2026/03/05 11:01:44 Failed to get updates, retrying in 3 seconds...
2026/03/05 11:01:50 Conflict: terminated by other getUpdates request; make sure that only one bot instance is running
2026/03/05 11:01:50 Failed to get updates, retrying in 3 seconds...
2026/03/05 11:01:56 Conflict: terminated by other getUpdates request; make sure that only one bot instance is running
2026/03/05 11:01:56 Failed to get updates, retrying in 3 seconds...
2026/03/05 11:02:02 Conflict: terminated by other getUpdates request; make sure that only one bot instance is running
2026/03/05 11:02:02 Failed to get updates, retrying in 3 seconds...
2026/03/05 11:02:08 Conflict: terminated by other getUpdates request; make sure that only one bot instance is running
2026/03/05 11:02:08 Failed to get updates, retrying in 3 seconds...
2026/03/05 11:02:14 Conflict: terminated by other getUpdates request; make sure that only one bot instance is running
2026/03/05 11:02:14 Failed to get updates, retrying in 3 seconds...
2026/03/05 11:02:20 Conflict: terminated by other getUpdates request; make sure that only one bot instance is running
2026/03/05 11:02:20 Failed to get updates, retrying in 3 seconds...
2026/03/05 11:02:26 Conflict: terminated by other getUpdates request; make sure that only one bot instance is running
2026/03/05 11:02:26 Failed to get updates, retrying in 3 seconds...
2026/03/05 11:02:32 Conflict: terminated by other getUpdates request; make sure that only one bot instance is running
2026/03/05 11:02:32 Failed to get updates, retrying in 3 seconds...
2026/03/05 11:02:38 Conflict: terminated by other getUpdates request; make sure that only one bot instance is running
2026/03/05 11:02:38 Failed to get updates, retrying in 3 seconds...
2026/03/05 11:02:44 Conflict: terminated by other getUpdates request; make sure that only one bot instance is running
2026/03/05 11:02:44 Failed to get updates, retrying in 3 seconds...
2026/03/05 11:02:51 Conflict: terminated by other getUpdates request; make sure that only one bot instance is running
2026/03/05 11:02:51 Failed to get updates, retrying in 3 seconds...
2026/03/05 11:02:57 Conflict: terminated by other getUpdates request; make sure that only one bot instance is running
2026/03/05 11:02:57 Failed to get updates, retrying in 3 seconds...
2026/03/05 11:03:03 Conflict: terminated by other getUpdates request; make sure that only one bot instance is running
2026/03/05 11:03:03 Failed to get updates, retrying in 3 seconds...
2026/03/05 11:03:09 Conflict: terminated by other getUpdates request; make sure that only one bot instance is running
2026/03/05 11:03:09 Failed to get updates, retrying in 3 seconds...
2026/03/05 11:03:15 Conflict: terminated by other getUpdates request; make sure that only one bot instance is running
2026/03/05 11:03:15 Failed to get updates, retrying in 3 seconds...
2026/03/05 11:03:21 Conflict: terminated by other getUpdates request; make sure that only one bot instance is running
2026/03/05 11:03:21 Failed to get updates, retrying in 3 seconds...
2026/03/05 11:03:27 Conflict: terminated by other getUpdates request; make sure that only one bot instance is running
2026/03/05 11:03:27 Failed to get updates, retrying in 3 seconds...
2026/03/05 11:03:33 Conflict: terminated by other getUpdates request; make sure that only one bot instance is running
2026/03/05 11:03:33 Failed to get updates, retrying in 3 seconds...
2026/03/05 11:03:39 Conflict: terminated by other getUpdates request; make sure that only one bot instance is running
2026/03/05 11:03:39 Failed to get updates, retrying in 3 seconds...
2026/03/05 11:03:45 Conflict: terminated by other getUpdates request; make sure that only one bot instance is running
2026/03/05 11:03:45 Failed to get updates, retrying in 3 seconds...
2026/03/05 11:03:51 Conflict: terminated by other getUpdates request; make sure that only one bot instance is running
2026/03/05 11:03:51 Failed to get updates, retrying in 3 seconds...
2026/03/05 11:03:57 Conflict: terminated by other getUpdates request; make sure that only one bot instance is running
2026/03/05 11:03:57 Failed to get updates, retrying in 3 seconds...
2026/03/05 11:04:03 Conflict: terminated by other getUpdates request; make sure that only one bot instance is running
2026/03/05 11:04:03 Failed to get updates, retrying in 3 seconds...
2026/03/05 11:04:09 Conflict: terminated by other getUpdates request; make sure that only one bot instance is running
2026/03/05 11:04:09 Failed to get updates, retrying in 3 seconds...
2026/03/05 11:04:15 Conflict: terminated by other getUpdates request; make sure that only one bot instance is running
2026/03/05 11:04:15 Failed to get updates, retrying in 3 seconds...
2026/03/05 11:04:21 Conflict: terminated by other getUpdates request; make sure that only one bot instance is running
2026/03/05 11:04:21 Failed to get updates, retrying in 3 seconds...
2026/03/05 11:04:27 Conflict: terminated by other getUpdates request; make sure that only one bot instance is running
2026/03/05 11:04:27 Failed to get updates, retrying in 3 seconds...
2026/03/05 11:04:33 Conflict: terminated by other getUpdates request; make sure that only one bot instance is running
2026/03/05 11:04:33 Failed to get updates, retrying in 3 seconds...
2026/03/05 11:04:39 Conflict: terminated by other getUpdates request; make sure that only one bot instance is running
2026/03/05 11:04:39 Failed to get updates, retrying in 3 seconds...
2026/03/05 11:04:45 Conflict: terminated by other getUpdates request; make sure that only one bot instance is running
2026/03/05 11:04:45 Failed to get updates, retrying in 3 seconds...
2026/03/05 11:04:51 Conflict: terminated by other getUpdates request; make sure that only one bot instance is running
2026/03/05 11:04:51 Failed to get updates, retrying in 3 seconds...
2026/03/05 11:04:57 Conflict: terminated by other getUpdates request; make sure that only one bot instance is running
2026/03/05 11:04:57 Failed to get updates, retrying in 3 seconds...
2026/03/05 11:05:03 Conflict: terminated by other getUpdates request; make sure that only one bot instance is running
2026/03/05 11:05:03 Failed to get updates, retrying in 3 seconds...
2026/03/05 11:05:09 Conflict: terminated by other getUpdates request; make sure that only one bot instance is running
2026/03/05 11:05:09 Failed to get updates, retrying in 3 seconds...
2026/03/05 11:05:15 Conflict: terminated by other getUpdates request; make sure that only one bot instance is running
2026/03/05 11:05:15 Failed to get updates, retrying in 3 seconds...
2026/03/05 11:05:21 Conflict: terminated by other getUpdates request; make sure that only one bot instance is running
2026/03/05 11:05:21 Failed to get updates, retrying in 3 seconds...
2026/03/05 11:05:27 Conflict: terminated by other getUpdates request; make sure that only one bot instance is running
2026/03/05 11:05:27 Failed to get updates, retrying in 3 seconds...
2026/03/05 11:05:33 Conflict: terminated by other getUpdates request; make sure that only one bot instance is running
2026/03/05 11:05:33 Failed to get updates, retrying in 3 seconds...
2026/03/05 11:05:39 Conflict: terminated by other getUpdates request; make sure that only one bot instance is running
2026/03/05 11:05:39 Failed to get updates, retrying in 3 seconds...
2026/03/05 11:05:45 Conflict: terminated by other getUpdates request; make sure that only one bot instance is running
2026/03/05 11:05:45 Failed to get updates, retrying in 3 seconds...
2026/03/05 11:05:51 Conflict: terminated by other getUpdates request; make sure that only one bot instance is running
2026/03/05 11:05:51 Failed to get updates, retrying in 3 seconds...
2026/03/05 11:05:57 Conflict: terminated by other getUpdates request; make sure that only one bot instance is running
2026/03/05 11:05:57 Failed to get updates, retrying in 3 seconds...
2026/03/05 11:06:03 Conflict: terminated by other getUpdates request; make sure that only one bot instance is running
2026/03/05 11:06:03 Failed to get updates, retrying in 3 seconds...
2026/03/05 11:06:09 Conflict: terminated by other getUpdates request; make sure that only one bot instance is running
2026/03/05 11:06:09 Failed to get updates, retrying in 3 seconds...
2026/03/05 11:06:15 Conflict: terminated by other getUpdates request; make sure that only one bot instance is running
2026/03/05 11:06:15 Failed to get updates, retrying in 3 seconds...
2026/03/05 11:06:21 Conflict: terminated by other getUpdates request; make sure that only one bot instance is running
2026/03/05 11:06:21 Failed to get updates, retrying in 3 seconds...
2026/03/05 11:06:27 Conflict: terminated by other getUpdates request; make sure that only one bot instance is running
2026/03/05 11:06:27 Failed to get updates, retrying in 3 seconds...
2026/03/05 11:06:33 Conflict: terminated by other getUpdates request; make sure that only one bot instance is running
2026/03/05 11:06:33 Failed to get updates, retrying in 3 seconds...
2026/03/05 11:06:39 Conflict: terminated by other getUpdates request; make sure that only one bot instance is running
2026/03/05 11:06:39 Failed to get updates, retrying in 3 seconds...
2026/03/05 11:06:45 Conflict: terminated by other getUpdates request; make sure that only one bot instance is running
2026/03/05 11:06:45 Failed to get updates, retrying in 3 seconds...
2026/03/05 11:06:51 Conflict: terminated by other getUpdates request; make sure that only one bot instance is running
2026/03/05 11:06:51 Failed to get updates, retrying in 3 seconds...
2026/03/05 11:06:57 Conflict: terminated by other getUpdates request; make sure that only one bot instance is running
2026/03/05 11:06:57 Failed to get updates, retrying in 3 seconds...
2026/03/05 11:07:03 Conflict: terminated by other getUpdates request; make sure that only one bot instance is running
2026/03/05 11:07:03 Failed to get updates, retrying in 3 seconds...
2026/03/05 11:07:09 Conflict: terminated by other getUpdates request; make sure that only one bot instance is running
2026/03/05 11:07:09 Failed to get updates, retrying in 3 seconds...
2026/03/05 11:07:15 Conflict: terminated by other getUpdates request; make sure that only one bot instance is running
2026/03/05 11:07:15 Failed to get updates, retrying in 3 seconds...
2026/03/05 11:07:21 Conflict: terminated by other getUpdates request; make sure that only one bot instance is running
2026/03/05 11:07:21 Failed to get updates, retrying in 3 seconds...
2026/03/05 11:07:27 Conflict: terminated by other getUpdates request; make sure that only one bot instance is running
2026/03/05 11:07:27 Failed to get updates, retrying in 3 seconds...
2026/03/05 11:07:33 Conflict: terminated by other getUpdates request; make sure that only one bot instance is running
2026/03/05 11:07:33 Failed to get updates, retrying in 3 seconds...
2026/03/05 11:07:39 Conflict: terminated by other getUpdates request; make sure that only one bot instance is running
2026/03/05 11:07:39 Failed to get updates, retrying in 3 seconds...
2026/03/05 11:07:45 Conflict: terminated by other getUpdates request; make sure that only one bot instance is running
2026/03/05 11:07:45 Failed to get updates, retrying in 3 seconds...
2026/03/05 11:07:51 Conflict: terminated by other getUpdates request; make sure that only one bot instance is running
2026/03/05 11:07:51 Failed to get updates, retrying in 3 seconds...
2026/03/05 11:07:57 Conflict: terminated by other getUpdates request; make sure that only one bot instance is running
2026/03/05 11:07:57 Failed to get updates, retrying in 3 seconds...
2026/03/05 11:08:03 Conflict: terminated by other getUpdates request; make sure that only one bot instance is running
2026/03/05 11:08:03 Failed to get updates, retrying in 3 seconds...
2026/03/05 11:08:09 Conflict: terminated by other getUpdates request; make sure that only one bot instance is running
2026/03/05 11:08:09 Failed to get updates, retrying in 3 seconds...
2026/03/05 11:08:15 Conflict: terminated by other getUpdates request; make sure that only one bot instance is running
2026/03/05 11:08:15 Failed to get updates, retrying in 3 seconds...
2026/03/05 11:08:21 Conflict: terminated by other getUpdates request; make sure that only one bot instance is running
2026/03/05 11:08:21 Failed to get updates, retrying in 3 seconds...
2026/03/05 11:08:27 Conflict: terminated by other getUpdates request; make sure that only one bot instance is running
2026/03/05 11:08:27 Failed to get updates, retrying in 3 seconds...
2026/03/05 11:08:33 Conflict: terminated by other getUpdates request; make sure that only one bot instance is running
2026/03/05 11:08:33 Failed to get updates, retrying in 3 seconds...
2026/03/05 11:08:39 Conflict: terminated by other getUpdates request; make sure that only one bot instance is running
2026/03/05 11:08:39 Failed to get updates, retrying in 3 seconds...
2026/03/05 11:08:45 Conflict: terminated by other getUpdates request; make sure that only one bot instance is running
2026/03/05 11:08:45 Failed to get updates, retrying in 3 seconds...
2026/03/05 11:08:51 Conflict: terminated by other getUpdates request; make sure that only one bot instance is running
2026/03/05 11:08:51 Failed to get updates, retrying in 3 seconds...
2026/03/05 11:08:57 Conflict: terminated by other getUpdates request; make sure that only one bot instance is running
2026/03/05 11:08:57 Failed to get updates, retrying in 3 seconds...
2026/03/05 11:09:03 Conflict: terminated by other getUpdates request; make sure that only one bot instance is running
2026/03/05 11:09:03 Failed to get updates, retrying in 3 seconds...
2026/03/05 11:09:09 Conflict: terminated by other getUpdates request; make sure that only one bot instance is running
2026/03/05 11:09:09 Failed to get updates, retrying in 3 seconds...
2026/03/05 11:09:15 Conflict: terminated by other getUpdates request; make sure that only one bot instance is running
2026/03/05 11:09:15 Failed to get updates, retrying in 3 seconds...
2026/03/05 11:09:21 Conflict: terminated by other getUpdates request; make sure that only one bot instance is running
2026/03/05 11:09:21 Failed to get updates, retrying in 3 seconds...
2026/03/05 11:09:27 Conflict: terminated by other getUpdates request; make sure that only one bot instance is running
2026/03/05 11:09:27 Failed to get updates, retrying in 3 seconds...
2026/03/05 11:09:33 Conflict: terminated by other getUpdates request; make sure that only one bot instance is running
2026/03/05 11:09:33 Failed to get updates, retrying in 3 seconds...
2026/03/05 11:09:39 Conflict: terminated by other getUpdates request; make sure that only one bot instance is running
2026/03/05 11:09:39 Failed to get updates, retrying in 3 seconds...
2026/03/05 11:09:45 Conflict: terminated by other getUpdates request; make sure that only one bot instance is running
2026/03/05 11:09:45 Failed to get updates, retrying in 3 seconds...
2026/03/05 11:09:51 Conflict: terminated by other getUpdates request; make sure that only one bot instance is running
2026/03/05 11:09:51 Failed to get updates, retrying in 3 seconds...
2026/03/05 11:09:57 Conflict: terminated by other getUpdates request; make sure that only one bot instance is running
2026/03/05 11:09:57 Failed to get updates, retrying in 3 seconds...
2026/03/05 11:10:03 Conflict: terminated by other getUpdates request; make sure that only one bot instance is running
2026/03/05 11:10:03 Failed to get updates, retrying in 3 seconds...
2026/03/05 11:10:09 Conflict: terminated by other getUpdates request; make sure that only one bot instance is running
2026/03/05 11:10:09 Failed to get updates, retrying in 3 seconds...
2026/03/05 11:10:15 Conflict: terminated by other getUpdates request; make sure that only one bot instance is running
2026/03/05 11:10:15 Failed to get updates, retrying in 3 seconds...
2026/03/05 11:10:21 Conflict: terminated by other getUpdates request; make sure that only one bot instance is running
2026/03/05 11:10:21 Failed to get updates, retrying in 3 seconds...
2026/03/05 11:10:27 Conflict: terminated by other getUpdates request; make sure that only one bot instance is running
2026/03/05 11:10:27 Failed to get updates, retrying in 3 seconds...
2026/03/05 11:10:33 Conflict: terminated by other getUpdates request; make sure that only one bot instance is running
2026/03/05 11:10:33 Failed to get updates, retrying in 3 seconds...
2026/03/05 11:10:39 Conflict: terminated by other getUpdates request; make sure that only one bot instance is running
2026/03/05 11:10:39 Failed to get updates, retrying in 3 seconds...
2026/03/05 11:10:45 Conflict: terminated by other getUpdates request; make sure that only one bot instance is running
2026/03/05 11:10:45 Failed to get updates, retrying in 3 seconds...
2026/03/05 11:10:51 Conflict: terminated by other getUpdates request; make sure that only one bot instance is running
2026/03/05 11:10:51 Failed to get updates, retrying in 3 seconds...
2026/03/05 11:10:57 Conflict: terminated by other getUpdates request; make sure that only one bot instance is running
2026/03/05 11:10:57 Failed to get updates, retrying in 3 seconds...
2026/03/05 11:11:03 Conflict: terminated by other getUpdates request; make sure that only one bot instance is running
2026/03/05 11:11:03 Failed to get updates, retrying in 3 seconds...
2026/03/05 11:11:09 Conflict: terminated by other getUpdates request; make sure that only one bot instance is running
2026/03/05 11:11:09 Failed to get updates, retrying in 3 seconds...
2026/03/05 11:11:15 Conflict: terminated by other getUpdates request; make sure that only one bot instance is running
2026/03/05 11:11:15 Failed to get updates, retrying in 3 seconds...
2026/03/05 11:11:21 Conflict: terminated by other getUpdates request; make sure that only one bot instance is running
2026/03/05 11:11:21 Failed to get updates, retrying in 3 seconds...
2026/03/05 11:11:27 Conflict: terminated by other getUpdates request; make sure that only one bot instance is running
2026/03/05 11:11:27 Failed to get updates, retrying in 3 seconds...
2026/03/05 11:11:33 Conflict: terminated by other getUpdates request; make sure that only one bot instance is running
2026/03/05 11:11:33 Failed to get updates, retrying in 3 seconds...
2026/03/05 11:11:39 Conflict: terminated by other getUpdates request; make sure that only one bot instance is running
2026/03/05 11:11:39 Failed to get updates, retrying in 3 seconds...
2026/03/05 11:11:45 Conflict: terminated by other getUpdates request; make sure that only one bot instance is running
2026/03/05 11:11:45 Failed to get updates, retrying in 3 seconds...
2026/03/05 11:11:51 Conflict: terminated by other getUpdates request; make sure that only one bot instance is running
2026/03/05 11:11:51 Failed to get updates, retrying in 3 seconds...
2026/03/05 11:11:57 Conflict: terminated by other getUpdates request; make sure that only one bot instance is running
2026/03/05 11:11:57 Failed to get updates, retrying in 3 seconds...
2026/03/05 11:12:03 Conflict: terminated by other getUpdates request; make sure that only one bot instance is running
2026/03/05 11:12:03 Failed to get updates, retrying in 3 seconds...
2026/03/05 11:12:09 Conflict: terminated by other getUpdates request; make sure that only one bot instance is running
2026/03/05 11:12:09 Failed to get updates, retrying in 3 seconds...
2026/03/05 11:12:15 Conflict: terminated by other getUpdates request; make sure that only one bot instance is running
2026/03/05 11:12:15 Failed to get updates, retrying in 3 seconds...
2026/03/05 11:12:21 Conflict: terminated by other getUpdates request; make sure that only one bot instance is running
2026/03/05 11:12:21 Failed to get updates, retrying in 3 seconds...
2026/03/05 11:12:27 Conflict: terminated by other getUpdates request; make sure that only one bot instance is running
2026/03/05 11:12:27 Failed to get updates, retrying in 3 seconds...
2026/03/05 11:12:33 Conflict: terminated by other getUpdates request; make sure that only one bot instance is running
2026/03/05 11:12:33 Failed to get updates, retrying in 3 seconds...
2026/03/05 11:12:39 Conflict: terminated by other getUpdates request; make sure that only one bot instance is running
2026/03/05 11:12:39 Failed to get updates, retrying in 3 seconds...
2026/03/05 11:12:45 Conflict: terminated by other getUpdates request; make sure that only one bot instance is running
2026/03/05 11:12:45 Failed to get updates, retrying in 3 seconds...
2026/03/05 11:12:51 Conflict: terminated by other getUpdates request; make sure that only one bot instance is running
2026/03/05 11:12:51 Failed to get updates, retrying in 3 seconds...
2026/03/05 11:12:57 Conflict: terminated by other getUpdates request; make sure that only one bot instance is running
2026/03/05 11:12:57 Failed to get updates, retrying in 3 seconds...
2026/03/05 11:13:03 Conflict: terminated by other getUpdates request; make sure that only one bot instance is running
2026/03/05 11:13:03 Failed to get updates, retrying in 3 seconds...
2026/03/05 11:13:09 Conflict: terminated by other getUpdates request; make sure that only one bot instance is running
2026/03/05 11:13:09 Failed to get updates, retrying in 3 seconds...
2026/03/05 11:13:15 Conflict: terminated by other getUpdates request; make sure that only one bot instance is running
2026/03/05 11:13:15 Failed to get updates, retrying in 3 seconds...
2026/03/05 11:13:21 Conflict: terminated by other getUpdates request; make sure that only one bot instance is running
2026/03/05 11:13:21 Failed to get updates, retrying in 3 seconds...
2026/03/05 11:13:27 Conflict: terminated by other getUpdates request; make sure that only one bot instance is running
2026/03/05 11:13:27 Failed to get updates, retrying in 3 seconds...
2026/03/05 11:13:33 Conflict: terminated by other getUpdates request; make sure that only one bot instance is running
2026/03/05 11:13:33 Failed to get updates, retrying in 3 seconds...
2026/03/05 11:13:39 Conflict: terminated by other getUpdates request; make sure that only one bot instance is running
2026/03/05 11:13:39 Failed to get updates, retrying in 3 seconds...
2026/03/05 11:13:45 Conflict: terminated by other getUpdates request; make sure that only one bot instance is running
2026/03/05 11:13:45 Failed to get updates, retrying in 3 seconds...
2026/03/05 11:13:52 Conflict: terminated by other getUpdates request; make sure that only one bot instance is running
2026/03/05 11:13:52 Failed to get updates, retrying in 3 seconds...
2026/03/05 11:13:58 Conflict: terminated by other getUpdates request; make sure that only one bot instance is running
2026/03/05 11:13:58 Failed to get updates, retrying in 3 seconds...
2026/03/05 11:14:04 Conflict: terminated by other getUpdates request; make sure that only one bot instance is running
2026/03/05 11:14:04 Failed to get updates, retrying in 3 seconds...
2026/03/05 11:14:10 Conflict: terminated by other getUpdates request; make sure that only one bot instance is running
2026/03/05 11:14:10 Failed to get updates, retrying in 3 seconds...
2026/03/05 11:14:16 Conflict: terminated by other getUpdates request; make sure that only one bot instance is running
2026/03/05 11:14:16 Failed to get updates, retrying in 3 seconds...
2026/03/05 11:14:22 Conflict: terminated by other getUpdates request; make sure that only one bot instance is running
2026/03/05 11:14:22 Failed to get updates, retrying in 3 seconds...
2026/03/05 11:14:28 Conflict: terminated by other getUpdates request; make sure that only one bot instance is running
2026/03/05 11:14:28 Failed to get updates, retrying in 3 seconds...
2026/03/05 11:14:34 Conflict: terminated by other getUpdates request; make sure that only one bot instance is running
2026/03/05 11:14:34 Failed to get updates, retrying in 3 seconds...
2026/03/05 11:14:40 Conflict: terminated by other getUpdates request; make sure that only one bot instance is running
2026/03/05 11:14:40 Failed to get updates, retrying in 3 seconds...
2026/03/05 11:14:46 Conflict: terminated by other getUpdates request; make sure that only one bot instance is running
2026/03/05 11:14:46 Failed to get updates, retrying in 3 seconds...
2026/03/05 11:14:52 Conflict: terminated by other getUpdates request; make sure that only one bot instance is running
2026/03/05 11:14:52 Failed to get updates, retrying in 3 seconds...
2026/03/05 11:14:58 Conflict: terminated by other getUpdates request; make sure that only one bot instance is running
2026/03/05 11:14:58 Failed to get updates, retrying in 3 seconds...
2026/03/05 11:15:04 Conflict: terminated by other getUpdates request; make sure that only one bot instance is running
2026/03/05 11:15:04 Failed to get updates, retrying in 3 seconds...
2026/03/05 11:15:10 Conflict: terminated by other getUpdates request; make sure that only one bot instance is running
2026/03/05 11:15:10 Failed to get updates, retrying in 3 seconds...
2026/03/05 11:15:16 Conflict: terminated by other getUpdates request; make sure that only one bot instance is running
2026/03/05 11:15:16 Failed to get updates, retrying in 3 seconds...
2026/03/05 11:15:22 Conflict: terminated by other getUpdates request; make sure that only one bot instance is running
2026/03/05 11:15:22 Failed to get updates, retrying in 3 seconds...
2026/03/05 11:15:28 Conflict: terminated by other getUpdates request; make sure that only one bot instance is running
2026/03/05 11:15:28 Failed to get updates, retrying in 3 seconds...
2026/03/05 11:15:34 Conflict: terminated by other getUpdates request; make sure that only one bot instance is running
2026/03/05 11:15:34 Failed to get updates, retrying in 3 seconds...
2026/03/05 11:15:40 Conflict: terminated by other getUpdates request; make sure that only one bot instance is running
2026/03/05 11:15:40 Failed to get updates, retrying in 3 seconds...
2026/03/05 11:15:46 Conflict: terminated by other getUpdates request; make sure that only one bot instance is running
2026/03/05 11:15:46 Failed to get updates, retrying in 3 seconds...
2026/03/05 11:15:52 Conflict: terminated by other getUpdates request; make sure that only one bot instance is running
2026/03/05 11:15:52 Failed to get updates, retrying in 3 seconds...
2026/03/05 11:15:58 Conflict: terminated by other getUpdates request; make sure that only one bot instance is running
2026/03/05 11:15:58 Failed to get updates, retrying in 3 seconds...
2026/03/05 11:16:04 Conflict: terminated by other getUpdates request; make sure that only one bot instance is running
2026/03/05 11:16:04 Failed to get updates, retrying in 3 seconds...
2026/03/05 11:16:10 Conflict: terminated by other getUpdates request; make sure that only one bot instance is running
2026/03/05 11:16:10 Failed to get updates, retrying in 3 seconds...
2026/03/05 11:16:16 Conflict: terminated by other getUpdates request; make sure that only one bot instance is running
2026/03/05 11:16:16 Failed to get updates, retrying in 3 seconds...
2026/03/05 11:16:22 Conflict: terminated by other getUpdates request; make sure that only one bot instance is running
2026/03/05 11:16:22 Failed to get updates, retrying in 3 seconds...
2026/03/05 11:16:28 Conflict: terminated by other getUpdates request; make sure that only one bot instance is running
2026/03/05 11:16:28 Failed to get updates, retrying in 3 seconds...
2026/03/05 11:16:34 Conflict: terminated by other getUpdates request; make sure that only one bot instance is running
2026/03/05 11:16:34 Failed to get updates, retrying in 3 seconds...
2026/03/05 11:16:40 Conflict: terminated by other getUpdates request; make sure that only one bot instance is running
2026/03/05 11:16:40 Failed to get updates, retrying in 3 seconds...
2026/03/05 11:16:46 Conflict: terminated by other getUpdates request; make sure that only one bot instance is running
2026/03/05 11:16:46 Failed to get updates, retrying in 3 seconds...
2026/03/05 11:16:52 Conflict: terminated by other getUpdates request; make sure that only one bot instance is running
2026/03/05 11:16:52 Failed to get updates, retrying in 3 seconds...
2026/03/05 11:16:58 Conflict: terminated by other getUpdates request; make sure that only one bot instance is running
2026/03/05 11:16:58 Failed to get updates, retrying in 3 seconds...
2026/03/05 11:17:04 Conflict: terminated by other getUpdates request; make sure that only one bot instance is running
2026/03/05 11:17:04 Failed to get updates, retrying in 3 seconds...
2026/03/05 11:17:10 Conflict: terminated by other getUpdates request; make sure that only one bot instance is running
2026/03/05 11:17:10 Failed to get updates, retrying in 3 seconds...
2026/03/05 11:17:16 Conflict: terminated by other getUpdates request; make sure that only one bot instance is running
2026/03/05 11:17:16 Failed to get updates, retrying in 3 seconds...
2026/03/05 11:17:22 Conflict: terminated by other getUpdates request; make sure that only one bot instance is running
2026/03/05 11:17:22 Failed to get updates, retrying in 3 seconds...
2026/03/05 11:17:28 Conflict: terminated by other getUpdates request; make sure that only one bot instance is running
2026/03/05 11:17:28 Failed to get updates, retrying in 3 seconds...
2026/03/05 11:17:34 Conflict: terminated by other getUpdates request; make sure that only one bot instance is running
2026/03/05 11:17:34 Failed to get updates, retrying in 3 seconds...
2026/03/05 11:17:40 Conflict: terminated by other getUpdates request; make sure that only one bot instance is running
2026/03/05 11:17:40 Failed to get updates, retrying in 3 seconds...
2026/03/05 11:17:46 Conflict: terminated by other getUpdates request; make sure that only one bot instance is running
2026/03/05 11:17:46 Failed to get updates, retrying in 3 seconds...
2026/03/05 11:17:52 Conflict: terminated by other getUpdates request; make sure that only one bot instance is running
2026/03/05 11:17:52 Failed to get updates, retrying in 3 seconds...
2026/03/05 11:17:58 Conflict: terminated by other getUpdates request; make sure that only one bot instance is running
2026/03/05 11:17:58 Failed to get updates, retrying in 3 seconds...
2026/03/05 11:18:04 Conflict: terminated by other getUpdates request; make sure that only one bot instance is running
2026/03/05 11:18:04 Failed to get updates, retrying in 3 seconds...
2026/03/05 11:18:10 Conflict: terminated by other getUpdates request; make sure that only one bot instance is running
2026/03/05 11:18:10 Failed to get updates, retrying in 3 seconds...
2026/03/05 11:18:16 Conflict: terminated by other getUpdates request; make sure that only one bot instance is running
2026/03/05 11:18:16 Failed to get updates, retrying in 3 seconds...
2026/03/05 11:18:22 Conflict: terminated by other getUpdates request; make sure that only one bot instance is running
2026/03/05 11:18:22 Failed to get updates, retrying in 3 seconds...
2026/03/05 11:18:28 Conflict: terminated by other getUpdates request; make sure that only one bot instance is running
2026/03/05 11:18:28 Failed to get updates, retrying in 3 seconds...
2026/03/05 11:18:34 Conflict: terminated by other getUpdates request; make sure that only one bot instance is running
2026/03/05 11:18:34 Failed to get updates, retrying in 3 seconds...
2026/03/05 11:18:40 Conflict: terminated by other getUpdates request; make sure that only one bot instance is running
2026/03/05 11:18:40 Failed to get updates, retrying in 3 seconds...
2026/03/05 11:18:46 Conflict: terminated by other getUpdates request; make sure that only one bot instance is running
2026/03/05 11:18:46 Failed to get updates, retrying in 3 seconds...
2026/03/05 11:18:52 Conflict: terminated by other getUpdates request; make sure that only one bot instance is running
2026/03/05 11:18:52 Failed to get updates, retrying in 3 seconds...
2026/03/05 11:18:58 Conflict: terminated by other getUpdates request; make sure that only one bot instance is running
2026/03/05 11:18:58 Failed to get updates, retrying in 3 seconds...
2026/03/05 11:19:04 Conflict: terminated by other getUpdates request; make sure that only one bot instance is running
2026/03/05 11:19:04 Failed to get updates, retrying in 3 seconds...
2026/03/05 11:19:10 Conflict: terminated by other getUpdates request; make sure that only one bot instance is running
2026/03/05 11:19:10 Failed to get updates, retrying in 3 seconds...
2026/03/05 11:19:16 Conflict: terminated by other getUpdates request; make sure that only one bot instance is running
2026/03/05 11:19:16 Failed to get updates, retrying in 3 seconds...
2026/03/05 11:19:22 Conflict: terminated by other getUpdates request; make sure that only one bot instance is running
2026/03/05 11:19:22 Failed to get updates, retrying in 3 seconds...
2026/03/05 11:19:28 Conflict: terminated by other getUpdates request; make sure that only one bot instance is running
2026/03/05 11:19:28 Failed to get updates, retrying in 3 seconds...
2026/03/05 11:19:34 Conflict: terminated by other getUpdates request; make sure that only one bot instance is running
2026/03/05 11:19:34 Failed to get updates, retrying in 3 seconds...
2026/03/05 11:19:40 Conflict: terminated by other getUpdates request; make sure that only one bot instance is running
2026/03/05 11:19:40 Failed to get updates, retrying in 3 seconds...
2026/03/05 11:19:46 Conflict: terminated by other getUpdates request; make sure that only one bot instance is running
2026/03/05 11:19:46 Failed to get updates, retrying in 3 seconds...
2026/03/05 11:19:52 Conflict: terminated by other getUpdates request; make sure that only one bot instance is running
2026/03/05 11:19:52 Failed to get updates, retrying in 3 seconds...
2026/03/05 11:19:58 Conflict: terminated by other getUpdates request; make sure that only one bot instance is running
2026/03/05 11:19:58 Failed to get updates, retrying in 3 seconds...
2026/03/05 11:20:04 Conflict: terminated by other getUpdates request; make sure that only one bot instance is running
2026/03/05 11:20:04 Failed to get updates, retrying in 3 seconds...
2026/03/05 11:20:10 Conflict: terminated by other getUpdates request; make sure that only one bot instance is running
2026/03/05 11:20:10 Failed to get updates, retrying in 3 seconds...
2026/03/05 11:20:16 Conflict: terminated by other getUpdates request; make sure that only one bot instance is running
2026/03/05 11:20:16 Failed to get updates, retrying in 3 seconds...
2026/03/05 11:20:22 Conflict: terminated by other getUpdates request; make sure that only one bot instance is running
2026/03/05 11:20:22 Failed to get updates, retrying in 3 seconds...
2026/03/05 11:20:28 Conflict: terminated by other getUpdates request; make sure that only one bot instance is running
2026/03/05 11:20:28 Failed to get updates, retrying in 3 seconds...
2026/03/05 11:20:34 Conflict: terminated by other getUpdates request; make sure that only one bot instance is running
2026/03/05 11:20:34 Failed to get updates, retrying in 3 seconds...
2026/03/05 11:20:40 Conflict: terminated by other getUpdates request; make sure that only one bot instance is running
2026/03/05 11:20:40 Failed to get updates, retrying in 3 seconds...
2026/03/05 11:20:46 Conflict: terminated by other getUpdates request; make sure that only one bot instance is running
2026/03/05 11:20:46 Failed to get updates, retrying in 3 seconds...
2026/03/05 11:20:52 Conflict: terminated by other getUpdates request; make sure that only one bot instance is running
2026/03/05 11:20:52 Failed to get updates, retrying in 3 seconds...
2026/03/05 11:20:58 Conflict: terminated by other getUpdates request; make sure that only one bot instance is running
2026/03/05 11:20:58 Failed to get updates, retrying in 3 seconds...
2026/03/05 11:21:04 Conflict: terminated by other getUpdates request; make sure that only one bot instance is running
2026/03/05 11:21:04 Failed to get updates, retrying in 3 seconds...
2026/03/05 11:21:10 Conflict: terminated by other getUpdates request; make sure that only one bot instance is running
2026/03/05 11:21:10 Failed to get updates, retrying in 3 seconds...
2026/03/05 11:21:16 Conflict: terminated by other getUpdates request; make sure that only one bot instance is running
2026/03/05 11:21:16 Failed to get updates, retrying in 3 seconds...
2026/03/05 11:21:22 Conflict: terminated by other getUpdates request; make sure that only one bot instance is running
2026/03/05 11:21:22 Failed to get updates, retrying in 3 seconds...
2026/03/05 11:21:28 Conflict: terminated by other getUpdates request; make sure that only one bot instance is running
2026/03/05 11:21:28 Failed to get updates, retrying in 3 seconds...
2026/03/05 11:21:34 Conflict: terminated by other getUpdates request; make sure that only one bot instance is running
2026/03/05 11:21:34 Failed to get updates, retrying in 3 seconds...
2026/03/05 11:21:40 Conflict: terminated by other getUpdates request; make sure that only one bot instance is running
2026/03/05 11:21:40 Failed to get updates, retrying in 3 seconds...
2026/03/05 11:21:46 Conflict: terminated by other getUpdates request; make sure that only one bot instance is running
2026/03/05 11:21:46 Failed to get updates, retrying in 3 seconds...
2026/03/05 11:21:52 Conflict: terminated by other getUpdates request; make sure that only one bot instance is running
2026/03/05 11:21:52 Failed to get updates, retrying in 3 seconds...
2026/03/05 11:21:58 Conflict: terminated by other getUpdates request; make sure that only one bot instance is running
2026/03/05 11:21:58 Failed to get updates, retrying in 3 seconds...
2026/03/05 11:22:04 Conflict: terminated by other getUpdates request; make sure that only one bot instance is running
2026/03/05 11:22:04 Failed to get updates, retrying in 3 seconds...
2026/03/05 11:22:10 Conflict: terminated by other getUpdates request; make sure that only one bot instance is running
2026/03/05 11:22:10 Failed to get updates, retrying in 3 seconds...
2026/03/05 11:22:16 Conflict: terminated by other getUpdates request; make sure that only one bot instance is running
2026/03/05 11:22:16 Failed to get updates, retrying in 3 seconds...
2026/03/05 11:22:22 Conflict: terminated by other getUpdates request; make sure that only one bot instance is running
2026/03/05 11:22:22 Failed to get updates, retrying in 3 seconds...
2026/03/05 11:22:28 Conflict: terminated by other getUpdates request; make sure that only one bot instance is running
2026/03/05 11:22:28 Failed to get updates, retrying in 3 seconds...
2026/03/05 11:22:34 Conflict: terminated by other getUpdates request; make sure that only one bot instance is running
2026/03/05 11:22:34 Failed to get updates, retrying in 3 seconds...
2026/03/05 11:22:40 Conflict: terminated by other getUpdates request; make sure that only one bot instance is running
2026/03/05 11:22:40 Failed to get updates, retrying in 3 seconds...
2026/03/05 11:22:46 Conflict: terminated by other getUpdates request; make sure that only one bot instance is running
2026/03/05 11:22:46 Failed to get updates, retrying in 3 seconds...
2026/03/05 11:22:52 Conflict: terminated by other getUpdates request; make sure that only one bot instance is running
2026/03/05 11:22:52 Failed to get updates, retrying in 3 seconds...
2026/03/05 11:22:58 Conflict: terminated by other getUpdates request; make sure that only one bot instance is running
2026/03/05 11:22:58 Failed to get updates, retrying in 3 seconds...
2026/03/05 11:23:04 Conflict: terminated by other getUpdates request; make sure that only one bot instance is running
2026/03/05 11:23:04 Failed to get updates, retrying in 3 seconds...
2026/03/05 11:23:10 Conflict: terminated by other getUpdates request; make sure that only one bot instance is running
2026/03/05 11:23:10 Failed to get updates, retrying in 3 seconds...
2026/03/05 11:23:16 Conflict: terminated by other getUpdates request; make sure that only one bot instance is running
2026/03/05 11:23:16 Failed to get updates, retrying in 3 seconds...
2026/03/05 11:23:22 Conflict: terminated by other getUpdates request; make sure that only one bot instance is running
2026/03/05 11:23:22 Failed to get updates, retrying in 3 seconds...
2026/03/05 11:23:28 Conflict: terminated by other getUpdates request; make sure that only one bot instance is running
2026/03/05 11:23:28 Failed to get updates, retrying in 3 seconds...
